ID,Case Number,Date,Block,IUCR,Primary Type,Description,Location Description,Arrest,Domestic,Beat,District,Ward,Community Area,FBI Code,X Coordinate,Y Coordinate,Year,Updated On,Latitude,Longitude,Location
11039126,JA371798,1/1/2007 0:01,009XX N DRAKE AVE,266,CRIM SEXUAL ASSAULT,PREDATORY,RESIDENCE,FALSE,FALSE,1121,11,27,23,2,,,2007,10/21/2017 15:44,,,
11042930,JA374409,1/1/2010 0:01,080XX S MARSHFIELD AVE,266,CRIM SEXUAL ASSAULT,PREDATORY,RESIDENCE,FALSE,FALSE,611,6,21,71,2,,,2010,8/5/2017 15:50,,,
11042861,JA374153,1/1/2007 0:01,026XX W 21ST ST,266,CRIM SEXUAL ASSAULT,PREDATORY,RESIDENCE,FALSE,FALSE,1023,10,28,30,2,,,2007,10/21/2017 15:44,,,
11042914,JA374555,1/1/2008 0:01,011XX S WHIPPLE ST,281,CRIM SEXUAL ASSAULT,NON-AGGRAVATED,RESIDENCE,FALSE,TRUE,1134,11,28,29,2,,,2008,8/19/2017 15:48,,,
11042938,JA377035,1/1/2007 0:01,019XX N HARLEM AVE,266,CRIM SEXUAL ASSAULT,PREDATORY,DAY CARE CENTER,FALSE,FALSE,2513,25,36,25,2,,,2007,8/19/2017 15:48,,,
11646447,JC213946,10/24/2008 14:30,036XX N NARRAGANSETT AVE,1153,DECEPTIVE PRACTICE,FINANCIAL IDENTITY THEFT OVER $ 300,APARTMENT,FALSE,FALSE,1633,16,36,17,11,,,2008,4/7/2019 16:05,,,
11029673,JA361846,1/24/2009 18:00,024XX W 46TH ST,1752,OFFENSE INVOLVING CHILDREN,AGG CRIM SEX ABUSE FAM MEMBER,RESIDENCE,TRUE,FALSE,922,9,12,58,20,,,2009,2/8/2018 15:48,,,
11031104,JA362043,7/24/2008 0:01,031XX W FILLMORE ST,1563,SEX OFFENSE,CRIMINAL SEXUAL ABUSE,APARTMENT,FALSE,TRUE,1134,11,24,29,17,,,2008,7/26/2017 15:56,,,
11031226,JA362537,8/4/2009 12:00,073XX S YATES BLVD,1153,DECEPTIVE PRACTICE,FINANCIAL IDENTITY THEFT OVER $ 300,RESIDENCE,FALSE,FALSE,334,3,7,43,11,,,2009,7/26/2017 15:56,,,
11030960,JA363404,1/1/2009 0:00,007XX W 81ST ST,266,CRIM SEXUAL ASSAULT,PREDATORY,RESIDENCE,TRUE,FALSE,621,6,21,71,2,,,2009,10/28/2017 15:50,,,
11045871,JA380971,1/2/2009 16:00,028XX S DR MARTIN LUTHER KING JR DR,1154,DECEPTIVE PRACTICE,FINANCIAL IDENTITY THEFT $300 AND UNDER,APARTMENT,FALSE,FALSE,133,1,4,35,11,,,2009,8/8/2017 15:53,,,
11046665,JA381950,1/1/2009 0:00,032XX W 65TH ST,1562,SEX OFFENSE,AGG CRIMINAL SEXUAL ABUSE,RESIDENCE,FALSE,FALSE,831,8,17,66,17,,,2009,11/10/2018 16:02,,,
10230609,HY416556,9/9/2010 20:10,074XX S MARYLAND AVE,1154,DECEPTIVE PRACTICE,FINANCIAL IDENTITY THEFT $300 AND UNDER,RESIDENCE,FALSE,FALSE,323,3,6,69,11,1183191,1855830,2010,2/9/2018 15:44,41.75959381,-87.6041691,"(41.759593809, -87.604169095)"
11229652,JB146448,1/1/2008 0:01,018XX N KEELER AVE,1754,OFFENSE INVOLVING CHILDREN,AGG SEX ASSLT OF CHILD FAM MBR,RESIDENCE,FALSE,FALSE,2534,25,30,20,2,,,2008,2/14/2018 15:52,,,
11865717,JC478455,1/1/2009 15:00,086XX S SAGINAW AVE,1153,DECEPTIVE PRACTICE,FINANCIAL IDENTITY THEFT OVER $ 300,RESIDENCE,FALSE,FALSE,423,4,7,46,11,,,2009,10/20/2019 16:03,,,
11032940,JA365596,7/10/2009 9:00,038XX W HURON ST,1153,DECEPTIVE PRACTICE,FINANCIAL IDENTITY THEFT OVER $ 300,RESIDENCE,FALSE,FALSE,1122,11,27,23,11,,,2009,7/28/2017 15:47,,,
11033011,JA365922,1/1/2010 12:00,053XX S HARPER AVE,1154,DECEPTIVE PRACTICE,FINANCIAL IDENTITY THEFT $300 AND UNDER,APARTMENT,FALSE,FALSE,234,2,4,41,11,,,2010,7/28/2017 15:47,,,
11027485,JA358748,11/15/2007 0:00,115XX S WENTWORTH AVE,1153,DECEPTIVE PRACTICE,FINANCIAL IDENTITY THEFT OVER $ 300,RESIDENCE,FALSE,FALSE,522,5,34,53,11,,,2007,7/29/2017 15:56,,,
5253983,HM665450,10/17/2006 13:05,052XX W HURON ST,2017,NARCOTICS,MANU/DELIVER:CRACK,STREET,TRUE,FALSE,1524,15,28,25,18,,,2006,8/17/2015 15:03,,,
11047604,JA382838,1/1/2009 0:00,029XX S STATE ST,1153,DECEPTIVE PRACTICE,FINANCIAL IDENTITY THEFT OVER $ 300,RESIDENCE,FALSE,FALSE,133,1,3,35,11,,,2009,8/9/2017 15:51,,,
5741943,HN549294,8/25/2007 9:22,074XX N ROGERS AVE,560,ASSAULT,SIMPLE,OTHER,FALSE,FALSE,2422,24,49,1,08A,,,2007,8/17/2015 15:03,,,
11032713,JA365235,9/10/2006 17:00,037XX W 55TH PL,1753,OFFENSE INVOLVING CHILDREN,SEX ASSLT OF CHILD BY FAM MBR,RESIDENCE,FALSE,FALSE,822,8,23,62,2,,,2006,7/29/2017 15:56,,,
6100076,HP196422,2/26/2008 0:00,075XX N OAKLEY AVE,910,MOTOR VEHICLE THEFT,AUTOMOBILE,STREET,FALSE,FALSE,2411,24,49,2,7,,,2008,8/17/2015 15:03,,,
6329138,HP422605,6/28/2008 23:00,048XX N BROADWAY,810,THEFT,OVER $500,STREET,FALSE,FALSE,2033,20,48,3,6,,,2008,8/17/2015 15:03,,,
6400477,HP485201,7/31/2008 4:30,078XX S UNION AVE,041A,BATTERY,AGGRAVATED: HANDGUN,SIDEWALK,FALSE,FALSE,621,6,17,71,04B,,,2008,8/17/2015 15:03,,,
6421103,HP505515,8/8/2008 23:00,065XX N NASHVILLE AVE,1320,CRIMINAL DAMAGE,TO VEHICLE,STREET,FALSE,FALSE,1611,16,41,10,14,,,2008,8/17/2015 15:03,,,
6534949,HP599238,9/23/2008 6:30,039XX S ROCKWELL ST,820,THEFT,$500 AND UNDER,STREET,FALSE,FALSE,912,9,12,58,6,,,2008,8/17/2015 15:03,,,
11649978,JC217323,4/27/2010 9:45,009XX W 72ND ST,1153,DECEPTIVE PRACTICE,FINANCIAL IDENTITY THEFT OVER $ 300,,FALSE,FALSE,733,7,6,68,11,,,2010,4/10/2019 16:14,,,
11649990,JC217271,12/21/2008 11:10,047XX S ST LAWRENCE AVE,1153,DECEPTIVE PRACTICE,FINANCIAL IDENTITY THEFT OVER $ 300,,FALSE,FALSE,223,2,4,38,11,,,2008,4/10/2019 16:14,,,
6760140,HM197365,2/23/2006 19:06,010XX W 105TH ST,2027,NARCOTICS,POSS: CRACK,STREET,TRUE,FALSE,2232,22,34,73,18,,,2006,8/17/2015 15:03,,,
11649965,JC217381,11/9/2010 3:30,045XX S CALUMET AVE,1153,DECEPTIVE PRACTICE,FINANCIAL IDENTITY THEFT OVER $ 300,,FALSE,FALSE,215,2,3,38,11,,,2010,4/10/2019 16:14,,,
7153921,HR562323,9/29/2009 12:00,013XX N CLARK ST,810,THEFT,OVER $500,STREET,FALSE,FALSE,1824,18,42,8,6,,,2009,8/17/2015 15:03,,,
7265169,HR679482,12/8/2009 10:45,039XX S WELLS ST,2027,NARCOTICS,POSS: CRACK,STREET,TRUE,FALSE,925,9,3,37,18,,,2009,8/17/2015 15:03,,,
7171329,HR581713,10/10/2009 21:50,024XX W NORTH SHORE AVE,810,THEFT,OVER $500,STREET,FALSE,FALSE,2412,24,50,2,6,,,2009,8/17/2015 15:03,,,
11050095,JA385802,3/2/2009 12:00,092XX S SAGINAW AVE,1153,DECEPTIVE PRACTICE,FINANCIAL IDENTITY THEFT OVER $ 300,APARTMENT,FALSE,FALSE,423,4,7,48,11,,,2009,8/11/2017 15:53,,,
11232463,JB154315,12/1/2009 12:00,060XX S MENARD AVE,1754,OFFENSE INVOLVING CHILDREN,AGG SEX ASSLT OF CHILD FAM MBR,RESIDENCE,FALSE,FALSE,812,8,13,64,2,,,2009,2/17/2018 15:55,,,
11037459,JA371175,1/1/2008 9:00,026XX W ARMITAGE AVE,1153,DECEPTIVE PRACTICE,FINANCIAL IDENTITY THEFT OVER $ 300,APARTMENT,FALSE,FALSE,1431,14,1,22,11,,,2008,8/1/2017 15:52,,,
11038365,JA372577,6/17/2009 9:00,007XX W 118TH ST,1153,DECEPTIVE PRACTICE,FINANCIAL IDENTITY THEFT OVER $ 300,RESIDENCE,FALSE,FALSE,524,5,34,53,11,,,2009,8/2/2017 15:54,,,
11039140,JA371686,1/1/2010 0:00,055XX W FARRAGUT AVE,1753,OFFENSE INVOLVING CHILDREN,SEX ASSLT OF CHILD BY FAM MBR,RESIDENCE,FALSE,FALSE,1623,16,45,11,2,,,2010,8/2/2017 15:54,,,
11234161,JB156598,1/11/2010 18:20,057XX S BISHOP ST,1153,DECEPTIVE PRACTICE,FINANCIAL IDENTITY THEFT OVER $ 300,,FALSE,FALSE,713,7,16,67,11,,,2010,2/19/2018 15:55,,,
11647163,JC212796,2/1/2006 0:00,051XX S MAY ST,1153,DECEPTIVE PRACTICE,FINANCIAL IDENTITY THEFT OVER $ 300,RESIDENCE,FALSE,FALSE,934,9,20,61,11,,,2006,4/13/2019 16:01,,,
10242760,HY431076,1/15/2010 0:01,044XX S OAKLEY AVE,1754,OFFENSE INVOLVING CHILDREN,AGG SEX ASSLT OF CHILD FAM MBR,RESIDENCE,TRUE,FALSE,924,9,12,61,2,1161779,1875003,2010,2/9/2018 15:44,41.81267832,-87.68211157,"(41.812678317, -87.682111569)"
10243618,HS594517,11/1/2010 10:35,029XX W WILCOX ST,2093,NARCOTICS,FOUND SUSPECT NARCOTICS,SIDEWALK,TRUE,FALSE,1124,11,2,27,18,1156795,1899213,2010,2/10/2018 15:50,41.87921551,-87.6997379,"(41.87921551, -87.699737903)"
11655016,JC224338,3/1/2008 0:00,075XX S PAXTON AVE,1153,DECEPTIVE PRACTICE,FINANCIAL IDENTITY THEFT OVER $ 300,RESIDENCE,FALSE,FALSE,414,4,7,43,11,,,2008,4/15/2019 16:11,,,
10247946,HY435598,6/1/2010 12:00,005XX N MICHIGAN AVE,1153,DECEPTIVE PRACTICE,FINANCIAL IDENTITY THEFT OVER $ 300,SMALL RETAIL STORE,FALSE,FALSE,1834,18,42,8,11,1177342,1903838,2010,2/9/2018 15:44,41.89146573,-87.62415304,"(41.891465732, -87.624153044)"
10248845,HS587770,10/28/2010 19:21,008XX N AVERS AVE,2024,NARCOTICS,POSS: HEROIN(WHITE),APARTMENT,TRUE,FALSE,1112,11,27,23,18,1150571,1905280,2010,2/10/2018 15:50,41.89598781,-87.72243293,"(41.895987813, -87.722432928)"
10249850,HS418410,7/19/2010 6:32,026XX W MADISON ST,2027,NARCOTICS,POSS: CRACK,STREET,TRUE,FALSE,1125,11,2,27,18,1158638,1899913,2010,2/10/2018 15:50,41.88109884,-87.69295153,"(41.881098841, -87.692951526)"
10249991,HS271194,4/23/2010 13:25,059XX S RACINE AVE,2017,NARCOTICS,MANU/DELIVER:CRACK,RESIDENCE,TRUE,FALSE,712,7,16,68,18,1169336,1865429,2010,2/10/2018 15:50,41.7862457,-87.65466966,"(41.786245702, -87.654669662)"
11237310,JB160971,2/22/2006 12:00,063XX S TALMAN AVE,1153,DECEPTIVE PRACTICE,FINANCIAL IDENTITY THEFT OVER $ 300,RESIDENCE,FALSE,FALSE,825,8,16,66,11,,,2006,10/27/2018 16:00,,,
11238704,JB162786,5/1/2010 0:00,033XX W 63RD PL,265,CRIM SEXUAL ASSAULT,AGGRAVATED: OTHER,RESIDENCE,FALSE,FALSE,823,8,23,66,2,,,2010,1/23/2019 11:23,,,
11238698,JB162477,2/9/2009 8:00,014XX W BIRCHWOOD AVE,1154,DECEPTIVE PRACTICE,FINANCIAL IDENTITY THEFT $300 AND UNDER,NURSING HOME/RETIREMENT HOME,FALSE,FALSE,2422,24,49,1,11,,,2009,2/24/2018 15:54,,,
11239233,JB163510,1/1/2010 0:01,071XX S LANGLEY AVE,1154,DECEPTIVE PRACTICE,FINANCIAL IDENTITY THEFT $300 AND UNDER,OTHER,FALSE,FALSE,323,3,6,69,11,,,2010,2/24/2018 15:54,,,
10254086,HY441729,4/26/2010 8:00,043XX S PRINCETON AVE,1153,DECEPTIVE PRACTICE,FINANCIAL IDENTITY THEFT OVER $ 300,RESIDENCE,FALSE,FALSE,925,9,3,37,11,1175006,1876273,2010,2/9/2018 15:44,41.81587802,-87.63355699,"(41.815878016, -87.633556985)"
10256666,HY444122,2/1/2010 0:00,054XX N CAMPBELL AVE,1153,DECEPTIVE PRACTICE,FINANCIAL IDENTITY THEFT OVER $ 300,RESIDENCE,FALSE,FALSE,2011,20,40,4,11,1158689,1936098,2010,2/10/2018 15:50,41.98039195,-87.69177003,"(41.980391948, -87.691770026)"
10257932,HY445312,10/1/2010 8:00,082XX S KENWOOD AVE,1153,DECEPTIVE PRACTICE,FINANCIAL IDENTITY THEFT OVER $ 300,APARTMENT,FALSE,FALSE,411,4,8,45,11,1186642,1850552,2010,2/10/2018 15:50,41.7450295,-87.59168815,"(41.745029501, -87.591688148)"
11241604,JB166043,7/1/2010 8:00,042XX S VINCENNES AVE,1153,DECEPTIVE PRACTICE,FINANCIAL IDENTITY THEFT OVER $ 300,RESIDENCE,FALSE,FALSE,214,2,3,38,11,,,2010,2/27/2018 15:59,,,
11241041,JB165878,1/1/2009 0:01,016XX N KILDARE AVE,1153,DECEPTIVE PRACTICE,FINANCIAL IDENTITY THEFT OVER $ 300,RESIDENCE,FALSE,FALSE,2534,25,30,23,11,,,2009,2/27/2018 15:59,,,
10262078,HY449428,1/1/2010 0:01,087XX S BURLEY AVE,1752,OFFENSE INVOLVING CHILDREN,AGG CRIM SEX ABUSE FAM MEMBER,RESIDENCE,FALSE,FALSE,424,4,7,46,20,1199188,1847571,2010,2/10/2018 15:50,41.7365435,-87.54581861,"(41.736543497, -87.545818607)"
10265127,HY452732,1/31/2010 12:00,022XX W NORTH AVE,1185,DECEPTIVE PRACTICE,DECEPTIVE COLLECTION PRACTICES,APARTMENT,FALSE,FALSE,1424,14,1,24,11,1160993,1910597,2010,2/10/2018 15:50,41.91036807,-87.6840072,"(41.910368065, -87.684007199)"
11245169,JB171212,10/2/2008 9:00,018XX S ST LOUIS AVE,1153,DECEPTIVE PRACTICE,FINANCIAL IDENTITY THEFT OVER $ 300,APARTMENT,FALSE,FALSE,1021,10,24,29,11,,,2008,3/3/2018 15:54,,,
11240621,JB122444,3/26/2006 0:01,081XX S DREXEL AVE,1754,OFFENSE INVOLVING CHILDREN,AGG SEX ASSLT OF CHILD FAM MBR,RESIDENCE,FALSE,TRUE,631,6,8,44,2,,,2006,3/3/2018 15:54,,,
10270141,HY458007,3/5/2010 9:00,050XX W JACKSON BLVD,1153,DECEPTIVE PRACTICE,FINANCIAL IDENTITY THEFT OVER $ 300,RESIDENCE,FALSE,FALSE,1533,15,28,25,11,1142786,1898199,2010,2/10/2018 15:50,41.87670524,-87.75120236,"(41.876705244, -87.751202356)"
10271153,HY459107,8/29/2010 12:00,084XX S BRANDON AVE,1153,DECEPTIVE PRACTICE,FINANCIAL IDENTITY THEFT OVER $ 300,RESIDENCE,FALSE,FALSE,424,4,10,46,11,1198949,1849565,2010,2/10/2018 15:50,41.74202118,-87.54662742,"(41.742021179, -87.546627423)"
10273680,HY461442,4/15/2010 10:00,049XX W ST PAUL AVE,1153,DECEPTIVE PRACTICE,FINANCIAL IDENTITY THEFT OVER $ 300,RESIDENCE,FALSE,FALSE,2533,25,37,25,11,1142961,1911178,2010,2/10/2018 15:50,41.91231788,-87.75023594,"(41.912317875, -87.750235936)"
11709415,JC290202,1/1/2009 0:01,044XX S OAKENWALD AVE,890,THEFT,FROM BUILDING,RESIDENCE,FALSE,FALSE,222,2,4,39,6,,,2009,6/4/2019 16:10,,,
10276842,HY464415,7/17/2010 0:01,078XX S INGLESIDE AVE,1153,DECEPTIVE PRACTICE,FINANCIAL IDENTITY THEFT OVER $ 300,APARTMENT,FALSE,FALSE,624,6,8,69,11,1183922,1853213,2010,2/10/2018 15:50,41.75239546,-87.6015716,"(41.752395462, -87.601571604)"
10284149,HY471938,6/1/2010 9:00,091XX S COMMERCIAL AVE,820,THEFT,$500 AND UNDER,OTHER,FALSE,FALSE,423,4,10,46,6,1197730,1845034,2010,2/10/2018 15:50,41.72961825,-87.55124457,"(41.729618252, -87.551244573)"
10284322,HY472008,2/15/2010 0:00,050XX W OHIO ST,1153,DECEPTIVE PRACTICE,FINANCIAL IDENTITY THEFT OVER $ 300,APARTMENT,FALSE,FALSE,1532,15,28,25,11,1142452,1903523,2010,2/10/2018 15:50,41.89132116,-87.75229636,"(41.891321163, -87.752296361)"
10287747,HY476182,12/5/2010 0:01,052XX S CAMPBELL AVE,1751,OFFENSE INVOLVING CHILDREN,CRIM SEX ABUSE BY FAM MEMBER,RESIDENCE,FALSE,FALSE,923,9,14,63,20,1160590,1869894,2010,2/10/2018 15:50,41.79868322,-87.68661387,"(41.798683219, -87.686613866)"
10289537,HY477391,3/1/2010 9:00,035XX W 13TH PL,1154,DECEPTIVE PRACTICE,FINANCIAL IDENTITY THEFT $300 AND UNDER,APARTMENT,FALSE,FALSE,1021,10,24,29,11,1152917,1893675,2010,2/10/2018 15:50,41.86409631,-87.71412403,"(41.864096311, -87.714124026)"
10290401,HY478068,10/1/2010 12:40,023XX W SCHOOL ST,1153,DECEPTIVE PRACTICE,FINANCIAL IDENTITY THEFT OVER $ 300,,FALSE,FALSE,1921,19,32,5,11,1159991,1921855,2010,2/10/2018 15:50,41.94128155,-87.68737661,"(41.941281552, -87.687376605)"
10292392,HY479965,12/31/2010 0:01,062XX S LAFLIN ST,1153,DECEPTIVE PRACTICE,FINANCIAL IDENTITY THEFT OVER $ 300,RESIDENCE,FALSE,FALSE,713,7,16,67,11,1167402,1863402,2010,2/10/2018 15:50,41.78072504,-87.66181872,"(41.780725036, -87.661818721)"
10297555,HY485915,1/1/2010 0:01,054XX W KAMERLING AVE,266,CRIM SEXUAL ASSAULT,PREDATORY,RESIDENCE,FALSE,FALSE,2532,25,37,25,2,1139586,1908447,2010,2/10/2018 15:50,41.90488599,-87.76270169,"(41.904885987, -87.762701686)"
12529871,JE431798,1/27/2009 0:00,054XX N VIRGINIA AVE,1753,OFFENSE INVOLVING CHILDREN,SEXUAL ASSAULT OF CHILD BY FAMILY MEMBER,RESIDENCE,FALSE,TRUE,2011,20,40,4,2,,,2009,9/7/2022 16:47,,,
10301972,HY462948,1/7/2010 0:00,045XX S LOWE AVE,460,BATTERY,SIMPLE,RESIDENCE,FALSE,TRUE,925,9,11,61,08B,1172725,1874712,2010,2/10/2018 15:50,41.81164515,-87.64197017,"(41.811645148, -87.641970166)"
11609751,JC169189,7/30/2010 12:00,043XX S WOOD ST,1153,DECEPTIVE PRACTICE,FINANCIAL IDENTITY THEFT OVER $ 300,RESIDENCE,FALSE,FALSE,924,9,15,61,11,,,2010,3/1/2019 16:09,,,
11607189,JC166175,7/1/2006 12:00,021XX N MERRIMAC AVE,1563,SEX OFFENSE,CRIMINAL SEXUAL ABUSE,RESIDENCE,FALSE,FALSE,2512,25,36,19,17,,,2006,3/2/2019 16:09,,,
10307369,HY496116,11/11/2010 11:00,024XX E 72ND ST,1154,DECEPTIVE PRACTICE,FINANCIAL IDENTITY THEFT $300 AND UNDER,RESIDENCE,FALSE,FALSE,334,3,7,43,11,1193559,1857686,2010,2/10/2018 15:50,41.76443937,-87.56611054,"(41.764439374, -87.566110538)"
11607166,JC166137,7/1/2006 12:00,021XX N MERRIMAC AVE,266,CRIM SEXUAL ASSAULT,PREDATORY,RESIDENCE,FALSE,TRUE,2512,25,36,19,2,,,2006,3/2/2019 16:09,,,
11610200,JC169791,4/1/2007 14:00,059XX N PAULINA ST,265,CRIMINAL SEXUAL ASSAULT,AGGRAVATED - OTHER,APARTMENT,FALSE,TRUE,2012,20,40,77,2,,,2007,3/21/2020 15:44,,,
11608384,JC167611,6/7/2007 8:00,068XX S JEFFERY BLVD,1153,DECEPTIVE PRACTICE,FINANCIAL IDENTITY THEFT OVER $ 300,RESIDENCE,FALSE,FALSE,332,3,5,43,11,,,2007,3/2/2019 16:09,,,
11610666,JC169916,6/1/2010 2:00,049XX W MADISON ST,1153,DECEPTIVE PRACTICE,FINANCIAL IDENTITY THEFT OVER $ 300,,FALSE,FALSE,1533,15,28,25,11,,,2010,3/2/2019 16:09,,,
10316093,HY505007,8/15/2010 0:00,043XX N LAWNDALE AVE,266,CRIM SEXUAL ASSAULT,PREDATORY,RESIDENCE,TRUE,TRUE,1723,17,33,16,2,1150943,1928620,2010,2/10/2018 15:50,41.9600275,-87.7204539,"(41.960027497, -87.720453904)"
10323881,HY513456,9/13/2010 8:00,022XX S DRAKE AVE,1153,DECEPTIVE PRACTICE,FINANCIAL IDENTITY THEFT OVER $ 300,RESIDENCE,FALSE,FALSE,1024,10,22,30,11,1153054,1888806,2010,2/10/2018 15:50,41.8507325,-87.71375008,"(41.850732498, -87.713750081)"
11615919,JC176746,8/3/2009 10:00,008XX W GRACE ST,1153,DECEPTIVE PRACTICE,FINANCIAL IDENTITY THEFT OVER $ 300,APARTMENT,FALSE,FALSE,1923,19,46,6,11,,,2009,3/8/2019 16:36,,,
11615906,JC176732,11/1/2010 0:01,001XX E ONTARIO ST,1050,HUMAN TRAFFICKING,COMMERCIAL SEX ACTS,HOTEL/MOTEL,FALSE,TRUE,1834,18,42,8,26,,,2010,3/8/2019 16:36,,,
10152843,HY341795,1/1/2010 0:01,011XX W 64TH ST,1153,DECEPTIVE PRACTICE,FINANCIAL IDENTITY THEFT OVER $ 300,RESIDENCE,FALSE,FALSE,724,7,16,68,11,1169609,1862354,2010,2/10/2018 15:50,41.77780162,-87.65375781,"(41.777801618, -87.653757812)"
10152966,HY342133,7/1/2010 0:00,026XX W MAYPOLE AVE,1153,DECEPTIVE PRACTICE,FINANCIAL IDENTITY THEFT OVER $ 300,OTHER,FALSE,FALSE,1222,12,2,27,11,1158583,1900852,2010,2/10/2018 15:50,41.88367667,-87.69312776,"(41.88367667, -87.693127761)"
10153418,HY341829,1/25/2010 14:15,046XX S ELLIS AVE,1754,OFFENSE INVOLVING CHILDREN,AGG SEX ASSLT OF CHILD FAM MBR,RESIDENCE,FALSE,FALSE,222,2,4,39,2,1183699,1874469,2010,2/10/2018 15:50,41.81072902,-87.60172605,"(41.810729022, -87.601726053)"
10158612,HY347868,2/18/2010 9:00,042XX W CRYSTAL ST,1153,DECEPTIVE PRACTICE,FINANCIAL IDENTITY THEFT OVER $ 300,OTHER,FALSE,FALSE,2534,25,37,23,11,1147848,1907991,2010,2/10/2018 15:50,41.90347985,-87.73236428,"(41.903479851, -87.732364277)"
10159343,HY348345,6/1/2010 11:13,009XX W EASTWOOD AVE,1153,DECEPTIVE PRACTICE,FINANCIAL IDENTITY THEFT OVER $ 300,APARTMENT,FALSE,FALSE,1914,19,46,3,11,1169124,1931077,2010,2/10/2018 15:50,41.9663933,-87.65354056,"(41.966393303, -87.653540556)"
10159815,HY349194,12/18/2010 0:00,053XX S CAMPBELL AVE,266,CRIM SEXUAL ASSAULT,PREDATORY,RESIDENCE,FALSE,FALSE,923,9,14,63,2,1160609,1869210,2010,2/10/2018 15:50,41.79680584,-87.68656306,"(41.796805841, -87.686563062)"
11622130,JC184595,4/19/2009 7:00,060XX N CLAREMONT AVE,1752,OFFENSE INVOLVING CHILDREN,AGG CRIM SEX ABUSE FAM MEMBER,RESIDENCE,TRUE,TRUE,2413,24,40,2,17,,,2009,5/2/2019 16:15,,,
11622903,JC185264,12/1/2009 11:00,024XX N LOREL AVE,1153,DECEPTIVE PRACTICE,FINANCIAL IDENTITY THEFT OVER $ 300,RESIDENCE,FALSE,FALSE,2515,25,30,19,11,,,2009,3/15/2019 16:20,,,
10165923,HY353737,1/24/2010 0:01,017XX W DEVON AVE,1154,DECEPTIVE PRACTICE,FINANCIAL IDENTITY THEFT $300 AND UNDER,APARTMENT,FALSE,FALSE,2433,24,40,77,11,1163448,1942555,2010,2/10/2018 15:50,41.99801102,-87.67408537,"(41.998011015, -87.674085371)"
10170917,HY358851,5/10/2010 0:01,011XX W 59TH ST,1153,DECEPTIVE PRACTICE,FINANCIAL IDENTITY THEFT OVER $ 300,RESIDENCE,FALSE,FALSE,712,7,16,68,11,1169526,1865667,2010,2/9/2018 15:44,41.78689469,-87.65396613,"(41.786894685, -87.653966132)"
11614085,JC174782,3/1/2008 0:01,004XX E WATERSIDE DR,266,CRIM SEXUAL ASSAULT,PREDATORY,RESIDENCE,FALSE,FALSE,114,1,42,32,2,,,2008,3/18/2019 16:18,,,
11802907,JC402973,3/23/2010 0:05,059XX W WAVELAND AVE,266,CRIMINAL SEXUAL ASSAULT,PREDATORY,RESIDENCE - YARD (FRONT / BACK),FALSE,FALSE,1633,16,36,15,2,,,2010,3/25/2020 15:45,,,
10176977,HY364935,7/10/2010 12:00,018XX W WINNEMAC AVE,1154,DECEPTIVE PRACTICE,FINANCIAL IDENTITY THEFT $300 AND UNDER,APARTMENT,FALSE,FALSE,2032,20,47,4,11,1163189,1933562,2010,2/9/2018 15:44,41.97333939,-87.67529232,"(41.973339387, -87.675292315)"
11297898,JB240703,7/7/2008 0:00,040XX N ASHLAND AVE,1752,OFFENSE INVOLVING CHILDREN,AGG CRIM SEX ABUSE FAM MEMBER,RESIDENCE,TRUE,TRUE,1912,19,47,6,17,,,2008,6/3/2019 16:14,,,
7818024,HS628367,9/28/2010 0:01,054XX N SHERIDAN RD,281,CRIM SEXUAL ASSAULT,NON-AGGRAVATED,APARTMENT,TRUE,FALSE,2023,20,48,77,2,,,2010,9/13/2016 15:53,,,
10182355,HY369874,4/10/2010 10:00,066XX S FAIRFIELD AVE,1153,DECEPTIVE PRACTICE,FINANCIAL IDENTITY THEFT OVER $ 300,RESIDENCE,FALSE,FALSE,831,8,15,66,11,1159188,1860507,2010,2/9/2018 15:44,41.77295282,-87.6920121,"(41.772952819, -87.692012096)"
10603867,HZ355940,1/26/2010 9:00,031XX S LOWE AVE,1195,DECEPTIVE PRACTICE,FINAN EXPLOIT-ELDERLY/DISABLED,RESIDENCE,FALSE,FALSE,915,9,11,60,11,,,2010,7/20/2016 15:52,,,
10593547,HZ344935,11/11/2009 0:01,021XX N PARKSIDE AVE,1752,OFFENSE INVOLVING CHILDREN,AGG CRIM SEX ABUSE FAM MEMBER,RESIDENCE,FALSE,FALSE,2515,25,29,19,20,,,2009,7/21/2016 15:55,,,
11152631,JA516212,9/18/2010 12:00,048XX N CHRISTIANA AVE,1562,SEX OFFENSE,AGG CRIMINAL SEXUAL ABUSE,RESIDENCE,FALSE,TRUE,1713,17,39,14,17,,,2010,3/8/2018 15:53,,,
10811867,JA111014,11/20/2009 21:00,014XX W NORTH SHORE AVE,281,CRIM SEXUAL ASSAULT,NON-AGGRAVATED,APARTMENT,FALSE,FALSE,2432,24,40,1,2,,,2009,1/11/2017 15:52,,,
11250184,JB177829,1/1/2008 0:01,066XX S MAY ST,265,CRIM SEXUAL ASSAULT,AGGRAVATED: OTHER,RESIDENCE,FALSE,FALSE,724,7,17,68,2,,,2008,3/8/2018 15:55,,,
10185303,HY372771,12/12/2010 0:00,011XX N KEYSTONE AVE,1154,DECEPTIVE PRACTICE,FINANCIAL IDENTITY THEFT $300 AND UNDER,RESIDENCE,FALSE,FALSE,1111,11,27,23,11,1149180,1907227,2010,2/10/2018 15:50,41.90135765,-87.72749132,"(41.901357647, -87.727491324)"
11630942,JC194581,8/20/2010 7:00,108XX S HOXIE AVE,1754,OFFENSE INVOLVING CHILDREN,AGG SEX ASSLT OF CHILD FAM MBR,RESIDENCE,FALSE,TRUE,434,4,10,51,2,,,2010,3/22/2019 16:21,,,
6491809,HP555378,9/5/2008 20:30,028XX W POLK ST,041A,BATTERY,AGGRAVATED - HANDGUN,SIDEWALK,TRUE,FALSE,1135,11,28,27,04B,1157471,1896242,2008,4/13/2020 15:52,41.87104907,-87.69733657,"(41.871049071, -87.697336573)"
10190865,HY378354,12/31/2010 0:01,067XX N BOSWORTH AVE,1154,DECEPTIVE PRACTICE,FINANCIAL IDENTITY THEFT $300 AND UNDER,APARTMENT,FALSE,FALSE,2432,24,40,1,11,1164720,1944784,2010,2/10/2018 15:50,42.00410048,-87.66934255,"(42.004100475, -87.66934255)"
10194482,HY379318,1/9/2010 0:00,023XX N GREENVIEW AVE,1154,DECEPTIVE PRACTICE,FINANCIAL IDENTITY THEFT $300 AND UNDER,RESIDENCE,FALSE,FALSE,1811,18,32,7,11,1165920,1915643,2010,2/10/2018 15:50,41.92411082,-87.66576305,"(41.924110822, -87.665763048)"
10814019,JA111875,9/23/2008 12:00,017XX E 67TH ST,1153,DECEPTIVE PRACTICE,FINANCIAL IDENTITY THEFT OVER $ 300,RESIDENCE,FALSE,FALSE,332,3,5,43,11,,,2008,1/13/2017 15:54,,,
10814111,JA113460,5/11/2009 12:00,095XX S WOODLAWN AVE,1153,DECEPTIVE PRACTICE,FINANCIAL IDENTITY THEFT OVER $ 300,RESIDENCE,FALSE,FALSE,511,5,8,50,11,,,2009,1/13/2017 15:54,,,
10196023,HY383300,5/27/2010 8:00,068XX S NORMAL BLVD,1153,DECEPTIVE PRACTICE,FINANCIAL IDENTITY THEFT OVER $ 300,RESIDENCE,FALSE,FALSE,722,7,6,68,11,1174135,1859311,2010,2/10/2018 15:50,41.76935193,-87.63725575,"(41.769351932, -87.637255748)"
11254950,JB182796,6/1/2009 8:00,051XX W DIVERSEY AVE,1753,OFFENSE INVOLVING CHILDREN,SEX ASSLT OF CHILD BY FAM MBR,RESIDENCE,FALSE,TRUE,2521,25,31,19,2,,,2009,3/14/2018 15:54,,,
10426681,HZ164426,1/1/2009 0:00,051XX S HONORE ST,266,CRIM SEXUAL ASSAULT,PREDATORY,RESIDENCE,TRUE,TRUE,932,9,16,61,2,,,2009,3/27/2019 16:03,,,
10814762,JA114151,1/2/2010 20:10,102XX S MAY ST,1153,DECEPTIVE PRACTICE,FINANCIAL IDENTITY THEFT OVER $ 300,RESIDENCE,FALSE,FALSE,2232,22,34,73,11,,,2010,1/13/2017 15:54,,,
11257090,JB179110,1/10/2010 0:00,026XX S TRIPP AVE,1754,OFFENSE INVOLVING CHILDREN,AGG SEX ASSLT OF CHILD FAM MBR,RESIDENCE,FALSE,FALSE,1031,10,22,30,2,,,2010,3/16/2018 15:52,,,
10204023,HY391033,10/25/2010 0:01,021XX W AUGUSTA BLVD,810,THEFT,OVER $500,RESIDENCE,FALSE,FALSE,1212,12,32,24,6,1162022,1906643,2010,2/9/2018 15:44,41.89949655,-87.68033762,"(41.899496553, -87.680337623)"
10809893,JA109211,12/30/2006 14:00,031XX W ROOSEVELT RD,1153,DECEPTIVE PRACTICE,FINANCIAL IDENTITY THEFT OVER $ 300,APARTMENT,FALSE,FALSE,1134,11,24,29,11,,,2006,1/14/2017 15:49,,,
10205263,HY391989,6/1/2010 9:00,012XX E 46TH ST,1153,DECEPTIVE PRACTICE,FINANCIAL IDENTITY THEFT OVER $ 300,RESIDENCE,FALSE,FALSE,222,2,4,39,11,1185263,1874491,2010,2/9/2018 15:44,41.81075271,-87.59598884,"(41.810752712, -87.595988843)"
10812424,JA111645,10/29/2007 6:00,053XX S HOYNE AVE,1153,DECEPTIVE PRACTICE,FINANCIAL IDENTITY THEFT OVER $ 300,APARTMENT,FALSE,FALSE,932,9,16,61,11,,,2007,1/14/2017 15:49,,,
10206255,HY393053,7/1/2010 12:00,021XX W CRYSTAL ST,1565,SEX OFFENSE,INDECENT SOLICITATION/CHILD,APARTMENT,FALSE,FALSE,1424,14,32,24,17,1161819,1908303,2010,2/9/2018 15:44,41.90405596,-87.68103688,"(41.904055959, -87.681036879)"
11256191,JB185921,1/1/2007 0:00,055XX S ALBANY AVE,266,CRIM SEXUAL ASSAULT,PREDATORY,APARTMENT,TRUE,FALSE,824,8,14,63,2,,,2007,5/26/2018 15:46,,,
11635434,JC200535,5/1/2006 16:00,039XX N SPAULDING AVE,281,CRIMINAL SEXUAL ASSAULT,NON-AGGRAVATED,RESIDENCE,FALSE,TRUE,1733,17,33,16,2,,,2006,3/21/2020 15:44,,,
10632784,HZ385175,7/1/2009 0:01,052XX N CENTRAL AVE,1153,DECEPTIVE PRACTICE,FINANCIAL IDENTITY THEFT OVER $ 300,BANK,FALSE,FALSE,1622,16,45,11,11,,,2009,8/10/2016 15:55,,,
11634550,JC199497,6/20/2007 20:00,057XX S PRAIRIE AVE,1563,SEX OFFENSE,CRIMINAL SEXUAL ABUSE,ABANDONED BUILDING,FALSE,FALSE,232,2,20,40,17,,,2007,3/30/2019 16:05,,,
10209846,HY396715,7/1/2010 10:00,059XX S LAKE SHORE DR,1153,DECEPTIVE PRACTICE,FINANCIAL IDENTITY THEFT OVER $ 300,RESIDENCE,FALSE,FALSE,331,3,5,41,11,1190314,1865992,2010,2/9/2018 15:44,41.78731049,-87.57773661,"(41.787310485, -87.577736607)"
10210254,HY396973,7/1/2010 0:00,084XX S GREEN ST,1153,DECEPTIVE PRACTICE,FINANCIAL IDENTITY THEFT OVER $ 300,RESIDENCE,FALSE,FALSE,613,6,21,71,11,1172115,1848848,2010,2/9/2018 15:44,41.74068475,-87.64496698,"(41.740684751, -87.644966983)"
11640668,JC206582,10/1/2008 14:40,079XX S ALBANY AVE,1153,DECEPTIVE PRACTICE,FINANCIAL IDENTITY THEFT OVER $ 300,,FALSE,FALSE,835,8,18,70,11,,,2008,4/1/2019 16:21,,,
11012552,JA342374,7/10/2006 12:00,052XX N LECLAIRE AVE,281,CRIM SEXUAL ASSAULT,NON-AGGRAVATED,APARTMENT,FALSE,FALSE,1623,16,45,11,2,,,2006,7/15/2017 15:51,,,
11012566,JA342398,12/1/2007 0:01,102XX S MICHIGAN AVE,1153,DECEPTIVE PRACTICE,FINANCIAL IDENTITY THEFT OVER $ 300,RESIDENCE,FALSE,FALSE,511,5,9,49,11,,,2007,7/15/2017 15:51,,,
11013712,HZ570581,2/26/2007 0:01,122XX S HARVARD AVE,1754,OFFENSE INVOLVING CHILDREN,AGG SEX ASSLT OF CHILD FAM MBR,RESIDENCE,FALSE,FALSE,523,5,34,53,2,,,2007,7/15/2017 15:51,,,
11017862,JA347671,10/7/2010 14:00,044XX S INDIANA AVE,810,THEFT,OVER $500,RESIDENCE,FALSE,FALSE,215,2,3,38,6,,,2010,7/15/2017 15:51,,,
10145496,HY334421,1/1/2009 0:00,022XX N KENNETH AVE,1752,OFFENSE INVOLVING CHILDREN,AGG CRIM SEX ABUSE FAM MEMBER,APARTMENT,FALSE,TRUE,2522,25,31,20,20,,,2009,8/17/2015 15:03,,,
10023200,HY212583,4/5/2010 22:00,013XX W HASTINGS ST,1751,OFFENSE INVOLVING CHILDREN,CRIM SEX ABUSE BY FAM MEMBER,RESIDENCE,FALSE,FALSE,1233,12,2,28,20,1167637,1893851,2010,2/9/2018 15:44,41.86427522,-87.66008244,"(41.864275215, -87.660082436)"
10218387,HY404956,6/28/2007 0:00,045XX N LOCKWOOD AVE,1752,OFFENSE INVOLVING CHILDREN,AGG CRIM SEX ABUSE FAM MEMBER,RESIDENCE,FALSE,FALSE,1623,16,45,15,20,1140179,1929846,2007,5/28/2016 15:49,41.96359619,-87.75999772,"(41.963596188, -87.759997717)"
11022124,JA352995,5/15/2008 0:01,074XX S SOUTH SHORE DR,1153,DECEPTIVE PRACTICE,FINANCIAL IDENTITY THEFT OVER $ 300,APARTMENT,FALSE,FALSE,334,3,7,43,11,,,2008,7/19/2017 15:55,,,
11263485,JB195315,3/29/2008 12:00,052XX W MONTROSE AVE,1153,DECEPTIVE PRACTICE,FINANCIAL IDENTITY THEFT OVER $ 300,RESIDENCE,FALSE,FALSE,1623,16,45,15,11,,,2008,3/23/2018 15:55,,,
10219573,HY406413,10/28/2010 9:00,062XX S CHAMPLAIN AVE,1154,DECEPTIVE PRACTICE,FINANCIAL IDENTITY THEFT $300 AND UNDER,RESIDENCE,FALSE,FALSE,313,3,20,42,11,1181638,1863877,2010,2/9/2018 15:44,41.78171156,-87.60961259,"(41.781711555, -87.609612588)"
11643636,JC210487,11/1/2009 9:00,046XX S LAKE PARK AVE,1153,DECEPTIVE PRACTICE,FINANCIAL IDENTITY THEFT OVER $ 300,APARTMENT,FALSE,FALSE,222,2,4,39,11,,,2009,4/4/2019 16:16,,,
11023553,JA354281,1/1/2010 9:00,113XX S HERMOSA AVE,1153,DECEPTIVE PRACTICE,FINANCIAL IDENTITY THEFT OVER $ 300,RESIDENCE,FALSE,FALSE,2212,22,19,75,11,,,2010,7/20/2017 15:55,,,
11060984,JA398876,8/20/2010 12:00,003XX W 116TH ST,1153,DECEPTIVE PRACTICE,FINANCIAL IDENTITY THEFT OVER $ 300,RESIDENCE,FALSE,FALSE,522,5,34,53,11,,,2010,8/21/2017 15:52,,,
11024097,JA354950,6/1/2010 0:00,114XX S ST LAWRENCE AVE,1753,OFFENSE INVOLVING CHILDREN,SEX ASSLT OF CHILD BY FAM MBR,RESIDENCE,FALSE,FALSE,531,5,9,50,2,,,2010,7/20/2017 15:55,,,
11024239,JA354351,7/8/2008 7:00,008XX E 53RD ST,1153,DECEPTIVE PRACTICE,FINANCIAL IDENTITY THEFT OVER $ 300,APARTMENT,FALSE,FALSE,233,2,5,41,11,,,2008,7/20/2017 15:55,,,
11643815,JC209789,5/1/2010 12:00,079XX S LAFLIN ST,1153,DECEPTIVE PRACTICE,FINANCIAL IDENTITY THEFT OVER $ 300,,FALSE,FALSE,612,6,21,71,11,,,2010,4/4/2019 16:16,,,
11260408,JB191516,6/1/2007 18:00,039XX W DIVERSEY AVE,1153,DECEPTIVE PRACTICE,FINANCIAL IDENTITY THEFT OVER $ 300,RESIDENCE,FALSE,FALSE,2523,25,30,21,11,,,2007,3/24/2018 15:57,,,
10222880,HY409613,9/4/2010 13:00,051XX S LOOMIS BLVD,1750,OFFENSE INVOLVING CHILDREN,CHILD ABUSE,APARTMENT,FALSE,FALSE,934,9,16,61,20,1167866,1870720,2010,2/9/2018 15:44,41.80079654,-87.65990746,"(41.800796541, -87.659907455)"
11644840,JC211622,4/4/2010 14:30,085XX S Rockwell St,1153,DECEPTIVE PRACTICE,FINANCIAL IDENTITY THEFT OVER $ 300,,FALSE,FALSE,835,8,18,70,11,,,2010,4/5/2019 16:07,,,
11021408,JA352113,4/3/2007 0:00,005XX N LAWLER AVE,1754,OFFENSE INVOLVING CHILDREN,AGG SEX ASSLT OF CHILD FAM MBR,APARTMENT,FALSE,TRUE,1532,15,37,25,2,,,2007,10/27/2018 16:00,,,
11024544,JA354367,3/1/2006 12:00,065XX W ADDISON ST,1153,DECEPTIVE PRACTICE,FINANCIAL IDENTITY THEFT OVER $ 300,RESIDENCE,FALSE,FALSE,1632,16,36,17,11,,,2006,7/29/2017 15:52,,,
10223781,HY410297,11/2/2010 0:01,040XX W ROOSEVELT RD,1153,DECEPTIVE PRACTICE,FINANCIAL IDENTITY THEFT OVER $ 300,OTHER,FALSE,FALSE,1011,10,24,29,11,1149463,1894398,2010,2/10/2018 15:50,41.86614797,-87.72678489,"(41.866147972, -87.726784885)"
11643323,JC210033,8/10/2007 9:00,007XX E 111TH ST,266,CRIMINAL SEXUAL ASSAULT,PREDATORY,APARTMENT,FALSE,FALSE,531,5,9,50,2,,,2007,3/21/2020 15:44,,,
11026346,JA357307,5/1/2009 12:00,046XX N KEDZIE AVE,1130,DECEPTIVE PRACTICE,FRAUD OR CONFIDENCE GAME,COMMERCIAL / BUSINESS OFFICE,FALSE,FALSE,1713,17,33,14,11,,,2009,7/25/2017 15:46,,,
11267145,JB200229,3/26/2010 0:00,028XX W DEVON AVE,560,ASSAULT,SIMPLE,OTHER,FALSE,FALSE,2412,24,50,2,08A,,,2010,3/27/2018 16:01,,,
11269011,JB202582,11/1/2009 0:00,009XX W 95TH ST,1153,DECEPTIVE PRACTICE,FINANCIAL IDENTITY THEFT OVER $ 300,OTHER,FALSE,FALSE,2223,22,21,73,11,,,2009,3/28/2018 15:58,,,
11270095,JB203823,7/1/2009 12:00,040XX S FEDERAL ST,1153,DECEPTIVE PRACTICE,FINANCIAL IDENTITY THEFT OVER $ 300,RESIDENCE,FALSE,FALSE,213,2,3,38,11,,,2009,3/30/2018 15:53,,,
10342825,HY533211,1/1/2010 0:00,056XX W EASTWOOD AVE,1752,OFFENSE INVOLVING CHILDREN,AGG CRIM SEX ABUSE FAM MEMBER,RESIDENCE,FALSE,TRUE,1622,16,45,15,20,1137897,1930354,2010,2/10/2018 15:50,41.96503178,-87.76837569,"(41.96503178, -87.768375694)"
10342866,HY533130,8/1/2010 0:01,042XX S CAMPBELL AVE,1154,DECEPTIVE PRACTICE,FINANCIAL IDENTITY THEFT $300 AND UNDER,APARTMENT,FALSE,FALSE,921,9,12,58,11,1160397,1876486,2010,2/10/2018 15:50,41.81677648,-87.68713988,"(41.816776477, -87.687139881)"
11265449,JB197315,1/1/2007 0:01,024XX S HAMLIN AVE,1562,SEX OFFENSE,AGG CRIMINAL SEXUAL ABUSE,RESIDENCE,FALSE,FALSE,1013,10,22,30,17,,,2007,3/31/2018 15:56,,,
10210473,HY397308,1/1/2009 0:00,024XX S DRAKE AVE,266,CRIM SEXUAL ASSAULT,PREDATORY,RESIDENCE,TRUE,TRUE,1024,10,22,30,2,,,2009,4/2/2018 15:54,,,
6321499,HP405452,6/18/2008 13:00,024XX W TAYLOR ST,264,CRIMINAL SEXUAL ASSAULT,AGGRAVATED - OTHER DANGEROUS WEAPON,STREET,FALSE,FALSE,1135,11,28,28,2,1160266,1895637,2008,8/12/2021 16:59,41.86933161,-87.68709182,"(41.869331608, -87.687091821)"
11274697,JB209711,1/1/2010 8:00,007XX E 111TH ST,1563,SEX OFFENSE,CRIMINAL SEXUAL ABUSE,POLICE FACILITY/VEH PARKING LOT,FALSE,FALSE,531,5,9,50,17,,,2010,4/4/2018 15:54,,,
10354305,HY545470,12/5/2010 12:00,056XX N KIMBALL AVE,1563,SEX OFFENSE,CRIMINAL SEXUAL ABUSE,APARTMENT,FALSE,TRUE,1711,17,39,13,17,1152698,1937220,2010,2/10/2018 15:50,41.9835918,-87.71377301,"(41.983591797, -87.713773009)"
10355685,HY546904,11/18/2010 0:01,055XX S TRIPP AVE,1752,OFFENSE INVOLVING CHILDREN,AGG CRIM SEX ABUSE FAM MEMBER,RESIDENCE,FALSE,FALSE,813,8,13,62,20,1148976,1867540,2010,2/10/2018 15:50,41.79245536,-87.72926602,"(41.792455364, -87.729266016)"
11275511,JB210967,4/1/2010 0:00,0000X N LATROBE AVE,1562,SEX OFFENSE,AGG CRIMINAL SEXUAL ABUSE,RESIDENCE,FALSE,FALSE,1522,15,28,25,17,,,2010,4/5/2018 15:52,,,
10356876,HY547710,9/4/2010 0:01,028XX N AUSTIN AVE,1752,OFFENSE INVOLVING CHILDREN,AGG CRIM SEX ABUSE FAM MEMBER,RESIDENCE,TRUE,FALSE,2511,25,29,19,20,1135907,1918204,2010,2/10/2018 15:50,41.9317267,-87.77598306,"(41.931726703, -87.775983055)"
11276963,JB212499,7/23/2010 3:00,098XX S GREEN ST,1153,DECEPTIVE PRACTICE,FINANCIAL IDENTITY THEFT OVER $ 300,,FALSE,FALSE,2223,22,21,73,11,,,2010,4/6/2018 15:49,,,
11272078,JB206405,1/2/2007 6:00,067XX S OGLESBY AVE,1153,DECEPTIVE PRACTICE,FINANCIAL IDENTITY THEFT OVER $ 300,APARTMENT,FALSE,FALSE,331,3,5,43,11,,,2007,4/7/2018 15:54,,,
11273787,JB208646,10/19/2006 0:00,056XX S GREEN ST,1153,DECEPTIVE PRACTICE,FINANCIAL IDENTITY THEFT OVER $ 300,RESIDENCE,FALSE,FALSE,712,7,20,68,11,,,2006,4/7/2018 15:54,,,
8815863,HV489374,4/4/2010 0:00,061XX S THROOP ST,265,CRIM SEXUAL ASSAULT,AGGRAVATED: OTHER,RESIDENCE,TRUE,TRUE,713,7,16,67,2,1168677,1864047,2010,6/6/2019 16:02,41.78246758,-87.65712574,"(41.782467577, -87.657125736)"
11280428,JB217449,4/9/2010 16:55,084XX S PAXTON AVE,1153,DECEPTIVE PRACTICE,FINANCIAL IDENTITY THEFT OVER $ 300,,FALSE,FALSE,412,4,8,46,11,,,2010,4/10/2018 15:52,,,
11281446,JB218251,12/30/2008 12:00,085XX S MARQUETTE AVE,1153,DECEPTIVE PRACTICE,FINANCIAL IDENTITY THEFT OVER $ 300,,FALSE,FALSE,423,4,7,46,11,,,2008,4/11/2018 16:05,,,
11282442,JB219892,4/11/2010 14:20,093XX S FOREST AVE,1153,DECEPTIVE PRACTICE,FINANCIAL IDENTITY THEFT OVER $ 300,,FALSE,FALSE,633,6,6,49,11,,,2010,4/12/2018 15:57,,,
11282461,JB219566,2/6/2006 9:10,050XX W WASHINGTON BLVD,1153,DECEPTIVE PRACTICE,FINANCIAL IDENTITY THEFT OVER $ 300,,FALSE,FALSE,1532,15,28,25,11,,,2006,4/14/2018 15:51,,,
11284350,JB218594,12/4/2006 8:00,042XX N KIMBALL AVE,1153,DECEPTIVE PRACTICE,FINANCIAL IDENTITY THEFT OVER $ 300,RESIDENCE,FALSE,FALSE,1723,17,35,16,11,,,2006,10/27/2018 16:00,,,
11279052,JB215756,3/15/2006 0:01,116XX S LOWE AVE,1153,DECEPTIVE PRACTICE,FINANCIAL IDENTITY THEFT OVER $ 300,RESIDENCE,FALSE,FALSE,524,5,34,53,11,,,2006,4/14/2018 15:51,,,
11285056,JB223624,1/1/2009 0:00,011XX N AUSTIN BLVD,1154,DECEPTIVE PRACTICE,FINANCIAL IDENTITY THEFT $300 AND UNDER,RESIDENCE,FALSE,FALSE,1511,15,29,25,11,,,2009,4/15/2018 15:51,,,
4690000,HM288623,4/13/2006 14:00,003XX W LAKE ST,810,THEFT,OVER $500,STREET,FALSE,FALSE,111,1,42,,6,,,2006,8/17/2015 15:03,,,
5408114,HN247766,3/25/2007 17:30,046XX W 49TH ST,810,THEFT,OVER $500,OTHER,FALSE,FALSE,815,8,23,56,6,,,2007,8/17/2015 15:03,,,
6201445,HP291469,4/20/2008 22:20,069XX S WESTERN AVE,880,THEFT,PURSE-SNATCHING,SIDEWALK,FALSE,FALSE,832,8,17,66,6,,,2008,8/17/2015 15:03,,,
6267498,HP354708,5/24/2008 19:00,037XX W LEXINGTON ST,810,THEFT,OVER $500,STREET,FALSE,FALSE,1133,11,24,27,6,,,2008,8/17/2015 15:03,,,
6747373,HR152370,2/3/2009 17:00,092XX S WALLACE ST,2027,NARCOTICS,POSS: CRACK,STREET,TRUE,FALSE,2223,22,21,73,18,,,2009,8/17/2015 15:03,,,
7227293,HR642621,6/9/2008 14:30,010XX E 87TH ST,890,THEFT,FROM BUILDING,OTHER,FALSE,FALSE,412,4,8,44,6,,,2008,8/17/2015 15:03,,,
7889682,HT106613,9/14/2009 23:00,103XX S DOTY AVE E,820,THEFT,$500 AND UNDER,OTHER,FALSE,FALSE,434,4,10,51,6,,,2009,8/17/2015 15:03,,,
7913819,HR574971,10/6/2009 22:12,002XX E 83RD ST,610,BURGLARY,FORCIBLE ENTRY,OTHER,FALSE,FALSE,632,6,6,44,5,,,2009,8/17/2015 15:03,,,
8033558,HT265276,8/1/2008 14:00,002XX E 69TH PL,890,THEFT,FROM BUILDING,RESIDENCE,FALSE,FALSE,322,3,6,69,6,,,2008,8/17/2015 15:03,,,
8070766,HR559439,9/27/2009 18:20,002XX W 95TH ST,460,BATTERY,SIMPLE,STREET,FALSE,FALSE,634,6,21,49,08B,,,2009,8/17/2015 15:03,,,
11068278,JA407390,8/24/2009 20:00,102XX S PRINCETON AVE,1153,DECEPTIVE PRACTICE,FINANCIAL IDENTITY THEFT OVER $ 300,,FALSE,FALSE,511,5,9,49,11,,,2009,8/27/2017 15:48,,,
10409118,HZ146117,1/1/2009 0:00,083XX S BUFFALO AVE,1562,SEX OFFENSE,AGG CRIMINAL SEXUAL ABUSE,APARTMENT,FALSE,FALSE,424,4,10,46,17,,,2009,2/10/2016 15:53,,,
10600767,HZ352560,9/17/2009 0:00,024XX S DRAKE AVE,266,CRIM SEXUAL ASSAULT,PREDATORY,APARTMENT,FALSE,TRUE,1024,10,22,30,2,1153087,1887661,2009,2/10/2018 15:50,41.84758983,-87.71365929,"(41.847589828, -87.713659288)"
11287936,JB227250,1/1/2008 9:00,023XX N MARMORA AVE,1154,DECEPTIVE PRACTICE,FINANCIAL IDENTITY THEFT $300 AND UNDER,RESIDENCE,FALSE,FALSE,2515,25,37,19,11,,,2008,4/18/2018 15:55,,,
10992846,JA319757,11/28/2006 0:00,032XX W FULTON BLVD,1153,DECEPTIVE PRACTICE,FINANCIAL IDENTITY THEFT OVER $ 300,APARTMENT,FALSE,FALSE,1123,11,28,27,11,,,2006,6/24/2017 15:50,,,
10900579,JA207821,1/1/2009 0:00,001XX W 108TH ST,266,CRIM SEXUAL ASSAULT,PREDATORY,RESIDENCE,FALSE,TRUE,513,5,34,49,2,,,2009,4/5/2017 15:53,,,
11292238,JB232414,2/5/2008 0:00,062XX S MICHIGAN AVE,266,CRIM SEXUAL ASSAULT,PREDATORY,APARTMENT,TRUE,TRUE,311,3,20,40,2,,,2008,3/29/2019 16:05,,,
10903419,JA215191,1/1/2010 8:00,027XX W GEORGE ST,1153,DECEPTIVE PRACTICE,FINANCIAL IDENTITY THEFT OVER $ 300,OTHER,FALSE,FALSE,1411,14,1,21,11,,,2010,4/7/2017 15:54,,,
10904893,JA216873,2/1/2010 0:00,058XX W WASHINGTON BLVD,1153,DECEPTIVE PRACTICE,FINANCIAL IDENTITY THEFT OVER $ 300,OTHER,FALSE,FALSE,1512,15,29,25,11,,,2010,4/8/2017 15:49,,,
10905016,JA217064,4/28/2010 12:00,015XX E 53RD ST,1154,DECEPTIVE PRACTICE,FINANCIAL IDENTITY THEFT $300 AND UNDER,RESIDENCE,FALSE,FALSE,234,2,4,41,11,,,2010,4/8/2017 15:49,,,
10907432,JA220122,3/31/2010 9:00,061XX N WINTHROP AVE,1153,DECEPTIVE PRACTICE,FINANCIAL IDENTITY THEFT OVER $ 300,APARTMENT,FALSE,FALSE,2433,24,48,77,11,,,2010,4/11/2017 15:57,,,
10900605,HZ509111,1/1/2010 8:00,057XX S FRANCISCO AVE,1752,OFFENSE INVOLVING CHILDREN,AGG CRIM SEX ABUSE FAM MEMBER,RESIDENCE,FALSE,FALSE,824,8,16,63,20,,,2010,4/17/2017 16:10,,,
10037129,HY206190,1/1/2006 0:00,053XX S MILLARD AVE,266,CRIM SEXUAL ASSAULT,PREDATORY,RESIDENCE,FALSE,FALSE,822,8,23,62,2,,,2006,8/31/2015 15:43,,,
10914639,JA228146,3/1/2010 9:00,002XX N MASON AVE,1153,DECEPTIVE PRACTICE,FINANCIAL IDENTITY THEFT OVER $ 300,RESIDENCE,FALSE,FALSE,1512,15,29,25,11,,,2010,4/18/2017 15:59,,,
10915113,JA228007,2/17/2010 11:15,055XX S CORNELL AVE,1153,DECEPTIVE PRACTICE,FINANCIAL IDENTITY THEFT OVER $ 300,,FALSE,FALSE,235,2,5,41,11,,,2010,4/18/2017 15:59,,,
10916475,JA229606,4/1/2008 22:40,086XX S DORCHESTER AVE,1153,DECEPTIVE PRACTICE,FINANCIAL IDENTITY THEFT OVER $ 300,,FALSE,FALSE,412,4,8,45,11,,,2008,4/19/2017 15:53,,,
10996175,JA322057,8/23/2010 0:00,068XX S EMERALD AVE,1753,OFFENSE INVOLVING CHILDREN,SEX ASSLT OF CHILD BY FAM MBR,RESIDENCE,FALSE,TRUE,723,7,6,68,2,,,2010,6/27/2017 15:51,,,
7404923,HS207282,3/13/2010 20:00,055XX S CARPENTER ST,266,CRIM SEXUAL ASSAULT,PREDATORY,APARTMENT,TRUE,FALSE,712,7,16,68,2,1170258,1868049,2010,6/8/2019 16:14,41.79341526,-87.65121293,"(41.793415261, -87.651212934)"
11711467,JC292601,1/1/2007 0:00,069XX W 64TH PL,266,CRIM SEXUAL ASSAULT,PREDATORY,RESIDENCE,FALSE,TRUE,812,8,23,64,2,,,2007,6/8/2019 16:23,,,
10924239,JA237753,4/24/2010 12:00,045XX N WOLCOTT AVE,1751,OFFENSE INVOLVING CHILDREN,CRIM SEX ABUSE BY FAM MEMBER,RESIDENCE,FALSE,FALSE,1912,19,47,4,20,,,2010,4/26/2017 15:52,,,
10924653,JA237789,12/20/2010 10:15,029XX S WABASH AVE,1153,DECEPTIVE PRACTICE,FINANCIAL IDENTITY THEFT OVER $ 300,,FALSE,FALSE,133,1,2,35,11,,,2010,4/26/2017 15:52,,,
10926078,JA239155,1/25/2010 10:25,048XX S ST LAWRENCE AVE,1154,DECEPTIVE PRACTICE,FINANCIAL IDENTITY THEFT $300 AND UNDER,,FALSE,FALSE,223,2,4,38,11,,,2010,4/27/2017 15:50,,,
10926686,JA241131,12/10/2008 0:01,037XX W ARTHINGTON ST,1153,DECEPTIVE PRACTICE,FINANCIAL IDENTITY THEFT OVER $ 300,RESIDENCE,FALSE,FALSE,1133,11,24,29,11,,,2008,4/28/2017 15:58,,,
10997971,JA325099,2/13/2010 8:21,007XX N CENTRAL AVE,1153,DECEPTIVE PRACTICE,FINANCIAL IDENTITY THEFT OVER $ 300,,FALSE,FALSE,1524,15,37,25,11,,,2010,6/28/2017 15:55,,,
10928417,JA243106,1/10/2010 9:00,033XX W 25TH ST,1130,DECEPTIVE PRACTICE,FRAUD OR CONFIDENCE GAME,RESIDENCE,FALSE,FALSE,1024,10,22,30,11,,,2010,4/29/2017 15:49,,,
11066128,JA404879,9/1/2008 0:00,017XX N FRANCISCO AVE,266,CRIM SEXUAL ASSAULT,PREDATORY,RESIDENCE,TRUE,TRUE,1421,14,1,24,2,,,2008,4/13/2019 15:55,,,
10999054,JA325172,2/16/2009 0:00,062XX S FRANCISCO AVE,1754,OFFENSE INVOLVING CHILDREN,AGG SEX ASSLT OF CHILD FAM MBR,RESIDENCE,FALSE,TRUE,823,8,16,66,2,,,2009,11/27/2018 16:21,,,
10999199,JA326430,10/30/2010 9:00,0000X E 16TH ST,1153,DECEPTIVE PRACTICE,FINANCIAL IDENTITY THEFT OVER $ 300,RESIDENCE,FALSE,FALSE,131,1,2,33,11,,,2010,6/29/2017 15:52,,,
10930091,JA244915,12/1/2010 10:25,077XX S COTTAGE GROVE AVE,1153,DECEPTIVE PRACTICE,FINANCIAL IDENTITY THEFT OVER $ 300,,FALSE,FALSE,624,6,6,69,11,,,2010,5/1/2017 15:53,,,
10069627,HY258207,6/16/2008 0:01,074XX S SOUTH SHORE DR,1153,DECEPTIVE PRACTICE,FINANCIAL IDENTITY THEFT OVER $ 300,RESIDENCE,FALSE,FALSE,334,3,7,43,11,,,2008,8/17/2015 15:03,,,
10077682,HY266421,6/1/2009 0:01,038XX W MONROE ST,1753,OFFENSE INVOLVING CHILDREN,SEX ASSLT OF CHILD BY FAM MBR,APARTMENT,FALSE,FALSE,1122,11,28,26,2,,,2009,8/17/2015 15:03,,,
10934585,JA250690,9/21/2010 9:00,050XX W WASHINGTON BLVD,1153,DECEPTIVE PRACTICE,FINANCIAL IDENTITY THEFT OVER $ 300,RESIDENCE,FALSE,FALSE,1532,15,28,25,11,,,2010,5/5/2017 15:50,,,
10999273,JA326625,7/19/2010 12:30,065XX W DIVERSEY AVE,1153,DECEPTIVE PRACTICE,FINANCIAL IDENTITY THEFT OVER $ 300,,FALSE,FALSE,2511,25,36,19,11,,,2010,6/29/2017 15:52,,,
10935863,JA252246,4/5/2010 19:15,113XX S LOWE AVE,1153,DECEPTIVE PRACTICE,FINANCIAL IDENTITY THEFT OVER $ 300,,FALSE,FALSE,2233,22,34,49,11,,,2010,5/6/2017 15:51,,,
10088452,HY277098,11/1/2007 0:00,056XX W CHICAGO AVE,1153,DECEPTIVE PRACTICE,FINANCIAL IDENTITY THEFT OVER $ 300,RESIDENCE,FALSE,FALSE,1511,15,29,25,11,,,2007,8/31/2015 15:43,,,
10937111,JA250408,1/1/2010 21:00,078XX S EMERALD AVE,1751,OFFENSE INVOLVING CHILDREN,CRIM SEX ABUSE BY FAM MEMBER,APARTMENT,FALSE,TRUE,621,6,17,71,20,,,2010,5/7/2017 15:51,,,
10938629,JA251783,1/1/2010 0:00,043XX N MONTICELLO AVE,1753,OFFENSE INVOLVING CHILDREN,SEX ASSLT OF CHILD BY FAM MBR,RESIDENCE,FALSE,FALSE,1723,17,33,16,2,,,2010,5/9/2017 15:54,,,
10939305,JA256772,1/9/2010 16:00,026XX E 80TH ST,1153,DECEPTIVE PRACTICE,FINANCIAL IDENTITY THEFT OVER $ 300,OTHER,FALSE,FALSE,422,4,7,46,11,,,2010,5/10/2017 15:57,,,
10939665,JA256795,6/14/2009 0:01,101XX S WINSTON AVE,1753,OFFENSE INVOLVING CHILDREN,SEX ASSLT OF CHILD BY FAM MBR,RESIDENCE,FALSE,TRUE,2213,22,34,73,2,,,2009,12/9/2018 16:03,,,
10939670,JA256920,5/7/2009 0:01,056XX W WARWICK AVE,1752,OFFENSE INVOLVING CHILDREN,AGG CRIM SEX ABUSE FAM MEMBER,RESIDENCE,FALSE,FALSE,1633,16,38,15,20,,,2009,5/10/2017 15:57,,,
10940119,JA257771,9/9/2009 10:00,122XX S RACINE AVE,1153,DECEPTIVE PRACTICE,FINANCIAL IDENTITY THEFT OVER $ 300,OTHER,FALSE,FALSE,524,5,34,53,11,,,2009,5/10/2017 15:57,,,
10099549,HY286286,1/1/2008 9:00,003XX W OLD TOWN CT,1153,DECEPTIVE PRACTICE,FINANCIAL IDENTITY THEFT OVER $ 300,RESIDENCE,FALSE,FALSE,1821,18,27,8,11,,,2008,8/17/2015 15:03,,,
10941735,JA259518,8/16/2009 0:01,053XX W DEMING PL,1562,SEX OFFENSE,AGG CRIMINAL SEXUAL ABUSE,RESIDENCE,FALSE,FALSE,2515,25,31,19,17,,,2009,5/12/2017 15:47,,,
10108314,HY296722,7/1/2007 8:00,024XX E 72ND ST,1153,DECEPTIVE PRACTICE,FINANCIAL IDENTITY THEFT OVER $ 300,OTHER,FALSE,FALSE,334,3,7,43,11,,,2007,8/31/2015 15:43,,,
10111611,HX505212,6/17/2008 0:01,016XX W JONQUIL TER,1752,OFFENSE INVOLVING CHILDREN,AGG CRIM SEX ABUSE FAM MEMBER,RESIDENCE,FALSE,FALSE,2422,24,49,1,20,,,2008,8/17/2015 15:03,,,
10669607,HZ406599,3/1/2009 0:00,006XX E 108TH ST,810,THEFT,OVER $500,OTHER,TRUE,FALSE,513,5,9,50,6,,,2009,5/18/2017 15:51,,,
10122816,HY311916,12/10/2008 12:00,085XX S ESCANABA AVE,1154,DECEPTIVE PRACTICE,FINANCIAL IDENTITY THEFT $300 AND UNDER,RESIDENCE,FALSE,FALSE,423,4,10,46,11,,,2008,8/17/2015 15:03,,,
10954328,JA274718,1/1/2010 0:25,072XX S INDIANA AVE,1153,DECEPTIVE PRACTICE,FINANCIAL IDENTITY THEFT OVER $ 300,,FALSE,FALSE,323,3,6,69,11,,,2010,5/23/2017 15:50,,,
7222952,HR638721,11/11/2009 20:45,074XX S MERRILL AVE,281,CRIM SEXUAL ASSAULT,NON-AGGRAVATED,APARTMENT,FALSE,TRUE,333,3,7,43,2,1191843,1855973,2009,6/7/2019 15:58,41.75978059,-87.57245554,"(41.759780594, -87.572455541)"
10955201,JA275777,5/23/2009 0:01,037XX N LAWNDALE AVE,1153,DECEPTIVE PRACTICE,FINANCIAL IDENTITY THEFT OVER $ 300,OTHER,FALSE,FALSE,1732,17,39,16,11,,,2009,5/24/2017 15:52,,,
11067333,JA405250,6/14/2010 2:15,0000X W KINZIE ST,1153,DECEPTIVE PRACTICE,FINANCIAL IDENTITY THEFT OVER $ 300,,FALSE,FALSE,1831,18,42,8,11,,,2010,8/26/2017 15:52,,,
11067342,JA406214,1/24/2008 17:25,0000X E 101ST ST,1154,DECEPTIVE PRACTICE,FINANCIAL IDENTITY THEFT $300 AND UNDER,,FALSE,FALSE,511,5,9,49,11,,,2008,8/26/2017 15:52,,,
11066177,JA404881,11/27/2010 0:00,017XX N WASHTENAW AVE,1753,OFFENSE INVOLVING CHILDREN,SEX ASSLT OF CHILD BY FAM MBR,RESIDENCE,FALSE,TRUE,1421,14,1,24,2,,,2010,8/26/2017 15:51,,,
10959612,JA281174,10/29/2009 0:01,087XX S HOUSTON AVE,1154,DECEPTIVE PRACTICE,FINANCIAL IDENTITY THEFT $300 AND UNDER,RESIDENCE,FALSE,FALSE,424,4,10,46,11,,,2009,5/28/2017 15:48,,,
10959641,JA281202,9/1/2008 0:00,115XX S LAFLIN ST,266,CRIM SEXUAL ASSAULT,PREDATORY,RESIDENCE,FALSE,TRUE,524,5,34,53,2,,,2008,5/28/2017 15:48,,,
10964151,JA286700,12/20/2010 0:00,005XX N MC CLURG CT,1153,DECEPTIVE PRACTICE,FINANCIAL IDENTITY THEFT OVER $ 300,RESIDENCE,FALSE,FALSE,1834,18,42,8,11,,,2010,6/1/2017 15:53,,,
10965151,JA287554,1/1/2010 9:00,049XX W FLETCHER ST,1153,DECEPTIVE PRACTICE,FINANCIAL IDENTITY THEFT OVER $ 300,RESIDENCE,FALSE,FALSE,2521,25,31,19,11,,,2010,6/2/2017 15:54,,,
10143456,HY332600,5/15/2006 12:00,003XX E 45TH ST,1153,DECEPTIVE PRACTICE,FINANCIAL IDENTITY THEFT OVER $ 300,APARTMENT,FALSE,FALSE,215,2,3,38,11,,,2006,8/31/2015 15:43,,,
10965147,JA287749,1/1/2006 0:01,084XX S WOOD ST,1153,DECEPTIVE PRACTICE,FINANCIAL IDENTITY THEFT OVER $ 300,OTHER,FALSE,FALSE,614,6,18,71,11,,,2006,6/3/2017 15:49,,,
10969737,JA293457,2/3/2010 15:00,045XX N CLARENDON AVE,1153,DECEPTIVE PRACTICE,FINANCIAL IDENTITY THEFT OVER $ 300,RESIDENCE,FALSE,FALSE,1914,19,46,3,11,,,2010,6/6/2017 15:48,,,
10969781,JA293508,6/5/2010 0:00,050XX W MONROE ST,1153,DECEPTIVE PRACTICE,FINANCIAL IDENTITY THEFT OVER $ 300,RESIDENCE,FALSE,FALSE,1533,15,28,25,11,,,2010,6/6/2017 15:48,,,
10970137,JA294106,6/20/2008 17:00,048XX W ARMITAGE AVE,1563,SEX OFFENSE,CRIMINAL SEXUAL ABUSE,SMALL RETAIL STORE,FALSE,FALSE,2522,25,31,19,17,,,2008,6/6/2017 15:48,,,
10143188,HY332456,5/1/2007 0:00,010XX N DRAKE AVE,1754,OFFENSE INVOLVING CHILDREN,AGG SEX ASSLT OF CHILD FAM MBR,RESIDENCE,FALSE,TRUE,1121,11,27,23,2,,,2007,8/31/2015 15:43,,,
10971498,JA294495,11/1/2009 7:45,046XX N RESERVE AVE,1154,DECEPTIVE PRACTICE,FINANCIAL IDENTITY THEFT $300 AND UNDER,,FALSE,FALSE,1614,16,36,76,11,,,2009,6/7/2017 15:51,,,
10971390,JA295259,4/1/2008 9:00,060XX S WINCHESTER AVE,1153,DECEPTIVE PRACTICE,FINANCIAL IDENTITY THEFT OVER $ 300,RESIDENCE,FALSE,FALSE,714,7,15,67,11,,,2008,6/14/2017 15:53,,,
10132094,HY320681,11/5/2010 0:00,115XX S BISHOP ST,1153,DECEPTIVE PRACTICE,FINANCIAL IDENTITY THEFT OVER $ 300,RESIDENCE,FALSE,FALSE,524,5,34,53,11,1168739,1828168,2010,2/10/2018 15:50,41.68400906,-87.65793067,"(41.684009064, -87.657930668)"
10975390,JA299190,6/9/2010 0:01,068XX S CAMPBELL AVE,1752,OFFENSE INVOLVING CHILDREN,AGG CRIM SEX ABUSE FAM MEMBER,RESIDENCE,FALSE,FALSE,832,8,15,66,20,,,2010,6/10/2017 15:49,,,
10981758,JA306783,11/19/2009 9:00,003XX W HURON ST,1153,DECEPTIVE PRACTICE,FINANCIAL IDENTITY THEFT OVER $ 300,OTHER,FALSE,FALSE,1831,18,42,8,11,,,2009,6/15/2017 15:50,,,
10984819,JA310561,6/17/2008 2:30,078XX S EUCLID AVE,820,THEFT,$500 AND UNDER,STREET,FALSE,FALSE,414,4,8,43,6,,,2008,6/17/2017 15:52,,,
10348657,HY539373,1/1/2007 0:01,038XX W GLADYS AVE,1754,OFFENSE INVOLVING CHILDREN,AGG SEX ASSLT OF CHILD FAM MBR,RESIDENCE,TRUE,FALSE,1133,11,24,26,2,,,2007,6/17/2017 15:50,,,
10985240,JA311035,8/1/2009 0:00,067XX S ROCKWELL ST,1752,OFFENSE INVOLVING CHILDREN,AGG CRIM SEX ABUSE FAM MEMBER,RESIDENCE,FALSE,TRUE,832,8,15,66,20,,,2009,6/18/2017 15:50,,,
10990217,JA316883,9/26/2009 9:00,032XX W WALNUT ST,1153,DECEPTIVE PRACTICE,FINANCIAL IDENTITY THEFT OVER $ 300,RESIDENCE,FALSE,FALSE,1123,11,28,27,11,,,2009,6/22/2017 15:56,,,
10991335,JA317968,1/20/2010 0:00,100XX S BEVERLY AVE,1153,DECEPTIVE PRACTICE,FINANCIAL IDENTITY THEFT OVER $ 300,RESIDENCE,FALSE,FALSE,2213,22,21,73,11,,,2010,6/23/2017 15:52,,,
10156043,HY344878,2/20/2007 0:00,017XX W 19TH ST,1752,OFFENSE INVOLVING CHILDREN,AGG CRIM SEX ABUSE FAM MEMBER,APARTMENT,FALSE,TRUE,1234,12,25,31,20,,,2007,8/31/2015 15:43,,,
11292664,JB229006,7/18/2010 0:01,021XX N MAPLEWOOD AVE,1541,OBSCENITY,SALE/DIST OBSCENE MAT TO MINOR,RESIDENCE,FALSE,FALSE,1431,14,1,22,17,,,2010,1/27/2019 16:03,,,
11868983,JC482506,9/1/2009 9:00,056XX N SPAULDING AVE,810,THEFT,OVER $500,APARTMENT,FALSE,FALSE,1711,17,39,13,6,,,2009,10/23/2019 16:17,,,
10192512,HY379958,3/21/2008 0:01,048XX W WASHINGTON BLVD,265,CRIM SEXUAL ASSAULT,AGGRAVATED: OTHER,APARTMENT,FALSE,FALSE,1532,15,28,25,2,,,2008,8/17/2015 15:03,,,
10229772,HY417004,6/23/2008 11:00,013XX W ARDMORE AVE,1195,DECEPTIVE PRACTICE,FINAN EXPLOIT-ELDERLY/DISABLED,RESIDENCE,FALSE,FALSE,2013,20,48,77,11,,,2008,9/10/2015 11:43,,,
10068044,HY256890,6/30/2010 12:00,077XX S WINCHESTER AVE,1153,DECEPTIVE PRACTICE,FINANCIAL IDENTITY THEFT OVER $ 300,RESIDENCE,FALSE,FALSE,611,6,18,71,11,1164704,1853240,2010,2/10/2018 15:50,41.75289651,-87.67199657,"(41.752896509, -87.671996572)"
10260609,HY447971,11/27/2009 0:01,036XX W DICKENS AVE,1154,DECEPTIVE PRACTICE,FINANCIAL IDENTITY THEFT $300 AND UNDER,APARTMENT,FALSE,FALSE,2525,25,26,22,11,,,2009,10/9/2015 15:58,,,
10272321,HY460319,6/24/2008 12:00,062XX W MELROSE ST,1153,DECEPTIVE PRACTICE,FINANCIAL IDENTITY THEFT OVER $ 300,RESIDENCE,FALSE,FALSE,1633,16,36,17,11,,,2008,10/17/2015 15:53,,,
10276495,HY463947,1/9/2009 8:00,023XX E 93RD ST,1153,DECEPTIVE PRACTICE,FINANCIAL IDENTITY THEFT OVER $ 300,HIGHWAY/EXPRESSWAY,FALSE,FALSE,413,4,7,48,11,,,2009,10/17/2015 15:55,,,
10308276,HY496838,8/1/2008 12:00,037XX W WILSON AVE,1751,OFFENSE INVOLVING CHILDREN,CRIM SEX ABUSE BY FAM MEMBER,RESIDENCE,FALSE,FALSE,1723,17,39,14,20,,,2008,11/11/2015 16:01,,,
10309873,HY498797,6/1/2007 10:00,073XX S MAPLEWOOD AVE,1153,DECEPTIVE PRACTICE,FINANCIAL IDENTITY THEFT OVER $ 300,RESIDENCE,FALSE,FALSE,835,8,18,66,11,,,2007,11/21/2015 15:51,,,
10319959,HY508778,11/1/2009 16:00,024XX S ST LOUIS AVE,263,CRIM SEXUAL ASSAULT,AGGRAVATED: KNIFE/CUT INSTR,ALLEY,FALSE,FALSE,1024,10,22,30,2,,,2009,11/21/2015 15:51,,,
10322652,HY512450,12/1/2009 8:00,011XX N MASSASOIT AVE,1153,DECEPTIVE PRACTICE,FINANCIAL IDENTITY THEFT OVER $ 300,APARTMENT,FALSE,FALSE,1511,15,29,25,11,,,2009,11/24/2015 15:57,,,
11008220,JA337145,7/1/2010 9:00,071XX S WABASH AVE,1153,DECEPTIVE PRACTICE,FINANCIAL IDENTITY THEFT OVER $ 300,RESIDENCE,FALSE,FALSE,323,3,6,69,11,,,2010,7/7/2017 15:58,,,
11008669,JA337713,1/1/2009 0:01,031XX N MARMORA AVE,1751,OFFENSE INVOLVING CHILDREN,CRIM SEX ABUSE BY FAM MEMBER,RESIDENCE,FALSE,TRUE,2514,25,30,19,20,,,2009,7/7/2017 15:58,,,
11009538,JA338760,10/19/2006 10:00,020XX W JACKSON BLVD,1154,DECEPTIVE PRACTICE,FINANCIAL IDENTITY THEFT $300 AND UNDER,RESIDENCE,FALSE,FALSE,1225,12,2,28,11,,,2006,7/15/2017 15:49,,,
11010297,JA332872,6/21/2008 0:00,053XX S MARSHFIELD AVE,1752,OFFENSE INVOLVING CHILDREN,AGG CRIM SEX ABUSE FAM MEMBER,RESIDENCE,FALSE,TRUE,932,9,16,61,20,,,2008,7/9/2017 15:51,,,
11010305,JA339378,1/1/2009 0:00,091XX S UNION AVE,1752,OFFENSE INVOLVING CHILDREN,AGG CRIM SEX ABUSE FAM MEMBER,RESIDENCE,FALSE,FALSE,2223,22,21,73,20,,,2009,7/9/2017 15:51,,,
11013927,JA343722,11/10/2010 0:00,026XX N MILWAUKEE AVE,1751,OFFENSE INVOLVING CHILDREN,CRIM SEX ABUSE BY FAM MEMBER,RESIDENCE,FALSE,TRUE,1411,14,35,22,20,,,2010,7/12/2017 15:55,,,
11014093,JA343643,11/5/2008 12:00,079XX S INGLESIDE AVE,1154,DECEPTIVE PRACTICE,FINANCIAL IDENTITY THEFT $300 AND UNDER,RESIDENCE,FALSE,FALSE,624,6,8,44,11,,,2008,7/12/2017 15:55,,,
10329253,HY520130,9/26/2008 10:00,001XX S MASON AVE,1153,DECEPTIVE PRACTICE,FINANCIAL IDENTITY THEFT OVER $ 300,RESIDENCE,FALSE,FALSE,1513,15,29,25,11,,,2008,12/1/2015 16:00,,,
10349061,HY539942,3/1/2007 0:00,035XX S CALIFORNIA AVE,1752,OFFENSE INVOLVING CHILDREN,AGG CRIM SEX ABUSE FAM MEMBER,RESIDENCE,FALSE,TRUE,911,9,12,58,20,,,2007,12/19/2015 15:58,,,
10357088,HY547706,1/1/2009 0:01,034XX W 72ND ST,1153,DECEPTIVE PRACTICE,FINANCIAL IDENTITY THEFT OVER $ 300,RESIDENCE,FALSE,FALSE,831,8,18,66,11,,,2009,12/24/2015 15:55,,,
10934796,JA250953,7/4/2006 0:00,028XX W LYNDALE ST,266,CRIM SEXUAL ASSAULT,PREDATORY,RESIDENCE,FALSE,TRUE,1414,14,1,22,2,1158176,1918502,2006,10/27/2018 16:00,41.93211803,-87.69413933,"(41.932118031, -87.694139333)"
10390165,HZ126685,11/3/2006 16:45,081XX S HONORE ST,1153,DECEPTIVE PRACTICE,FINANCIAL IDENTITY THEFT OVER $ 300,,FALSE,FALSE,614,6,18,71,11,,,2006,1/30/2016 15:52,,,
10956976,JA277909,4/21/2009 0:00,064XX S TRIPP AVE,1752,OFFENSE INVOLVING CHILDREN,AGG CRIM SEX ABUSE FAM MEMBER,RESIDENCE,TRUE,TRUE,813,8,13,65,20,1149148,1861505,2009,5/23/2018 16:00,41.77589105,-87.7287909,"(41.775891048, -87.728790899)"
11653451,JC222362,12/20/2010 0:00,011XX W 17TH ST,1752,OFFENSE INVOLVING CHILDREN,AGG CRIM SEX ABUSE FAM MEMBER,RESIDENCE,FALSE,TRUE,1235,12,25,31,17,1169111,1891898,2010,6/12/2019 16:05,41.85888418,-87.65472812,"(41.858884176, -87.654728116)"
7078433,HR484363,8/15/2009 0:08,021XX S FAIRFIELD AVE,550,ASSAULT,AGGRAVATED PO: HANDGUN,ALLEY,TRUE,FALSE,1023,10,12,30,04A,1158365,1889544,2009,6/12/2019 16:05,41.85265084,-87.69423742,"(41.852650843, -87.694237421)"
11620828,JC178040,1/1/2010 0:01,093XX S UNIVERSITY AVE,1752,OFFENSE INVOLVING CHILDREN,AGG CRIM SEX ABUSE FAM MEMBER,RESIDENCE,FALSE,TRUE,413,4,8,47,17,1185511,1843196,2010,6/15/2019 15:57,41.72487052,-87.59606314,"(41.72487052, -87.596063143)"
11243260,JB166240,1/1/2008 0:01,048XX W ARMITAGE AVE,266,CRIMINAL SEXUAL ASSAULT,PREDATORY,RESIDENCE,FALSE,TRUE,2533,25,36,19,2,,,2008,12/19/2020 15:48,,,
11020229,JA351015,1/1/2010 0:01,106XX S AVENUE F,266,CRIM SEXUAL ASSAULT,PREDATORY,RESIDENCE,TRUE,TRUE,432,4,10,52,2,1203500,1834974,2010,2/10/2018 15:50,41.70186705,-87.53045168,"(41.701867053, -87.530451675)"
11719881,JC302954,12/1/2010 0:01,015XX N HOMAN AVE,1154,DECEPTIVE PRACTICE,FINANCIAL IDENTITY THEFT $300 AND UNDER,APARTMENT,FALSE,FALSE,1422,14,26,23,11,,,2010,6/13/2019 16:12,,,
6621756,HP692693,11/20/2008 9:50,035XX S MICHIGAN AVE,810,THEFT,OVER $500,POLICE FACILITY/VEH PARKING LOT,FALSE,FALSE,213,2,3,35,6,1177772,1881665,2008,6/14/2019 15:58,41.83061185,-87.62324737,"(41.830611847, -87.623247369)"
11090770,JA435401,4/1/2010 0:01,030XX N KOSTNER AVE,1752,OFFENSE INVOLVING CHILDREN,AGG CRIM SEX ABUSE FAM MEMBER,RESIDENCE,TRUE,FALSE,2523,25,31,20,20,1146517,1919936,2010,2/10/2018 15:50,41.93628358,-87.73694825,"(41.936283583, -87.736948247)"
10068799,HY257181,5/12/2010 12:00,044XX N WOLCOTT AVE,1153,DECEPTIVE PRACTICE,FINANCIAL IDENTITY THEFT OVER $ 300,RESIDENCE,FALSE,FALSE,1912,19,47,4,11,1163021,1929532,2010,2/9/2018 15:44,41.96228443,-87.67602378,"(41.962284434, -87.676023781)"
5288404,HN152706,1/30/2007 23:50,010XX W ADAMS ST,610,BURGLARY,FORCIBLE ENTRY,COMMERCIAL / BUSINESS OFFICE,FALSE,FALSE,1232,12,25,28,5,1169554,1899278,2007,3/28/2020 15:47,41.87912585,-87.65288729,"(41.879125847, -87.652887289)"
5705905,HN515363,8/7/2007 12:00,024XX S SAWYER AVE,620,BURGLARY,UNLAWFUL ENTRY,RESIDENCE - GARAGE,FALSE,FALSE,1024,10,12,30,5,1155083,1887536,2007,3/28/2020 15:47,41.84720706,-87.70633724,"(41.847207057, -87.706337239)"
12015474,JD192862,1/1/2006 0:00,114XX S ABERDEEN ST,1153,DECEPTIVE PRACTICE,FINANCIAL IDENTITY THEFT OVER $ 300,RESIDENCE,FALSE,FALSE,2234,22,34,75,11,,,2006,3/28/2020 15:49,,,
11198596,JB107672,6/1/2010 0:01,067XX S OAKLEY AVE,266,CRIM SEXUAL ASSAULT,PREDATORY,RESIDENCE,FALSE,FALSE,832,8,17,66,2,1162226,1859966,2010,8/22/2019 15:49,41.77140553,-87.68089055,"(41.771405533, -87.680890548)"
11723466,JC307293,2/11/2010 8:00,015XX S TRIPP AVE,1153,DECEPTIVE PRACTICE,FINANCIAL IDENTITY THEFT OVER $ 300,STREET,FALSE,FALSE,1012,10,24,29,11,,,2010,6/16/2019 16:11,,,
11614883,JC174972,10/6/2008 0:01,007XX E 84TH ST,266,CRIM SEXUAL ASSAULT,PREDATORY,RESIDENCE,FALSE,TRUE,632,31,6,44,2,1124178,1931354,2008,6/18/2019 16:15,41.96801304,-87.8187961,"(41.968013038, -87.818796103)"
11244263,JB166335,3/5/2006 0:00,030XX N AVERS AVE,266,CRIM SEXUAL ASSAULT,PREDATORY,RESIDENCE,TRUE,TRUE,2523,25,30,21,2,1150493,1920008,2006,3/23/2019 15:54,41.93640433,-87.72233403,"(41.936404328, -87.722334034)"
7748839,HS552638,9/30/2010 12:00,050XX S LAKE SHORE DR SB,1790,OFFENSE INVOLVING CHILDREN,CHILD ABDUCTION,RESIDENCE,FALSE,FALSE,222,2,5,39,26,1189076,1871993,2010,10/27/2019 15:49,41.80380742,-87.58208345,"(41.803807415, -87.58208345)"
11186206,JA560764,1/1/2009 1:00,055XX W FLOURNOY ST,1752,OFFENSE INVOLVING CHILDREN,AGG CRIM SEX ABUSE FAM MEMBER,APARTMENT,TRUE,TRUE,1522,15,29,25,17,1139839,1896416,2009,6/7/2019 15:58,41.8718668,-87.76206654,"(41.871866796, -87.762066542)"
6877783,HR283322,4/22/2009 22:00,106XX S YATES AVE,610,BURGLARY,FORCIBLE ENTRY,CHA HALLWAY/STAIRWELL/ELEVATOR,FALSE,FALSE,434,4,7,51,5,1194343,1834757,2009,6/16/2019 16:03,41.70150095,-87.56398824,"(41.70150095, -87.563988238)"
7080228,HR473951,7/29/2009 18:00,106XX S OGLESBY AVE,610,BURGLARY,FORCIBLE ENTRY,CHA APARTMENT,FALSE,FALSE,434,4,7,51,5,1194033,1834845,2009,6/16/2019 16:03,41.70175003,-87.56512046,"(41.701750025, -87.565120462)"
7161517,HR569455,10/3/2009 13:00,087XX S BURLEY AVE,610,BURGLARY,FORCIBLE ENTRY,APARTMENT,FALSE,FALSE,424,4,10,46,5,1199186,1847626,2009,6/16/2019 16:03,41.73669447,-87.54582409,"(41.736694472, -87.545824091)"
7686402,HS491041,8/31/2010 1:30,061XX S LAFLIN ST,326,ROBBERY,AGGRAVATED VEHICULAR HIJACKING,STREET,FALSE,FALSE,713,7,16,67,3,1167388,1864050,2010,6/16/2019 16:03,41.78250353,-87.6618515,"(41.782503529, -87.661851496)"
7782111,HS590469,10/30/2010 13:40,059XX S JUSTINE ST,031A,ROBBERY,ARMED: HANDGUN,ABANDONED BUILDING,FALSE,FALSE,713,7,16,67,3,1167025,1865326,2010,6/16/2019 16:03,41.7860128,-87.6631459,"(41.786012802, -87.663145897)"
11195545,JA560011,9/1/2007 0:01,033XX S WALLACE ST,266,CRIM SEXUAL ASSAULT,PREDATORY,RESIDENCE,FALSE,TRUE,915,9,11,60,2,1172841,1882754,2007,2/10/2018 15:50,41.83371058,-87.6413071,"(41.833710581, -87.6413071)"
10069318,HY258124,8/1/2010 0:00,047XX S WINCHESTER AVE,1752,OFFENSE INVOLVING CHILDREN,AGG CRIM SEX ABUSE FAM MEMBER,"SCHOOL, PUBLIC, BUILDING",FALSE,FALSE,931,9,20,61,20,1164154,1873185,2010,2/10/2018 15:50,41.80763979,-87.67345122,"(41.807639794, -87.673451218)"
11421743,JB403298,4/26/2010 6:00,027XX S WHIPPLE ST,1752,OFFENSE INVOLVING CHILDREN,AGG CRIM SEX ABUSE FAM MEMBER,RESIDENCE,TRUE,TRUE,1033,10,12,30,20,1156471,1885703,2010,11/13/2018 16:17,41.84214917,-87.70129277,"(41.842149172, -87.701292767)"
10069494,HY258130,11/17/2010 0:00,101XX S PERRY AVE,1153,DECEPTIVE PRACTICE,FINANCIAL IDENTITY THEFT OVER $ 300,RESIDENCE,FALSE,FALSE,511,5,9,49,11,1177389,1837691,2010,2/9/2018 15:44,41.7099511,-87.62597954,"(41.709951097, -87.625979535)"
11873904,JC488498,10/27/2009 8:00,046XX N MARINE DR,1153,DECEPTIVE PRACTICE,FINANCIAL IDENTITY THEFT OVER $ 300,HOSPITAL BUILDING/GROUNDS,FALSE,FALSE,1914,19,46,3,11,,,2009,10/28/2019 16:00,,,
10133675,HY322064,6/7/2010 10:00,012XX S WABASH AVE,1153,DECEPTIVE PRACTICE,FINANCIAL IDENTITY THEFT OVER $ 300,BANK,FALSE,FALSE,131,1,2,33,11,1176963,1894850,2010,2/10/2018 15:50,41.86681074,-87.62581703,"(41.866810739, -87.625817031)"
11271212,JB204486,1/1/2008 0:01,022XX N KIMBALL AVE,460,BATTERY,SIMPLE,RESIDENCE,FALSE,TRUE,1413,14,35,22,08B,,,2008,6/20/2019 16:14,,,
11374178,JB341604,3/25/2009 0:00,067XX S CLYDE AVE,1753,OFFENSE INVOLVING CHILDREN,SEX ASSLT OF CHILD BY FAM MBR,APARTMENT,FALSE,TRUE,331,3,5,43,2,1191372,1860700,2009,8/25/2018 15:54,41.77276327,-87.57402879,"(41.772763274, -87.574028787)"
12235554,JD447888,10/16/2009 0:01,054XX S HYDE PARK BLVD,1751,OFFENSE INVOLVING CHILDREN,CRIMINAL SEXUAL ABUSE BY FAMILY MEMBER,APARTMENT,FALSE,TRUE,234,2,5,41,17,1188578,1869497,2009,12/20/2020 15:46,41.79697015,-87.58398964,"(41.796970149, -87.58398964)"
11875214,JC490071,1/9/2010 10:10,015XX S ALBANY AVE,1153,DECEPTIVE PRACTICE,FINANCIAL IDENTITY THEFT OVER $ 300,,FALSE,FALSE,1022,10,24,29,11,,,2010,10/29/2019 15:51,,,
11875312,JC490052,1/1/2010 0:00,017XX W 48TH ST,1752,OFFENSE INVOLVING CHILDREN,AGG CRIM SEX ABUSE FAM MEMBER,APARTMENT,FALSE,FALSE,931,9,15,61,17,,,2010,10/29/2019 15:51,,,
11450722,JB441461,1/18/2009 0:00,038XX W THOMAS ST,1753,OFFENSE INVOLVING CHILDREN,SEX ASSLT OF CHILD BY FAM MBR,RESIDENCE,FALSE,TRUE,1112,11,27,23,2,1150681,1907065,2009,3/16/2019 16:01,41.90088388,-87.7219822,"(41.900883883, -87.721982201)"
11479508,JB479587,1/1/2009 0:00,029XX S STATE ST,1752,OFFENSE INVOLVING CHILDREN,AGG CRIM SEX ABUSE FAM MEMBER,RESIDENCE,FALSE,TRUE,133,2,3,35,17,1176927,1879426,2009,4/18/2019 15:59,41.82448697,-87.62641528,"(41.824486973, -87.626415277)"
11494539,JB499025,10/15/2009 0:00,020XX N KOSTNER AVE,1754,OFFENSE INVOLVING CHILDREN,AGG SEX ASSLT OF CHILD FAM MBR,RESIDENCE,TRUE,TRUE,2522,31,36,20,2,1124178,1931354,2009,1/24/2019 16:19,41.96801304,-87.8187961,"(41.968013038, -87.818796103)"
11494540,JB499050,2/21/2009 0:00,020XX N KOSTNER AVE,1754,OFFENSE INVOLVING CHILDREN,AGG SEX ASSLT OF CHILD FAM MBR,APARTMENT,TRUE,TRUE,2522,31,36,20,2,1124178,1931354,2009,1/24/2019 16:19,41.96801304,-87.8187961,"(41.968013038, -87.818796103)"
6898287,HR304604,5/5/2009 11:00,018XX N NATOMA AVE,610,BURGLARY,FORCIBLE ENTRY,RESIDENCE,TRUE,FALSE,2513,25,29,25,5,1131793,1911526,2009,10/30/2019 15:53,41.91347385,-87.79125677,"(41.913473846, -87.791256768)"
11540960,JB560473,10/1/2008 0:00,040XX S CAMPBELL AVE,1752,OFFENSE INVOLVING CHILDREN,AGG CRIM SEX ABUSE FAM MEMBER,RESIDENCE,FALSE,TRUE,921,9,12,58,17,1160360,1877819,2008,12/12/2019 15:44,41.82043515,-87.68723884,"(41.820435154, -87.687238839)"
11876226,JC491064,8/1/2008 0:00,044XX W PARKER AVE,266,CRIM SEXUAL ASSAULT,PREDATORY,APARTMENT,FALSE,FALSE,2524,25,31,20,2,,,2008,10/30/2019 15:56,,,
7145640,HR554733,9/24/2009 20:48,083XX S RACINE AVE,031A,ROBBERY,ARMED - HANDGUN,GROCERY FOOD STORE,FALSE,FALSE,613,6,21,71,3,1169773,1849545,2009,4/3/2020 15:47,41.7426485,-87.65352767,"(41.742648503, -87.653527673)"
11473922,JB471642,10/11/2010 12:00,056XX N SPAULDING AVE,1562,SEX OFFENSE,AGG CRIMINAL SEXUAL ABUSE,RESIDENCE,FALSE,FALSE,1711,17,39,13,17,,,2010,6/25/2019 16:19,,,
11407038,JB384416,7/1/2008 0:01,069XX S JUSTINE ST,1753,OFFENSE INVOLVING CHILDREN,SEX ASSLT OF CHILD BY FAM MBR,RESIDENCE,FALSE,FALSE,734,7,16,67,2,,,2008,10/31/2019 15:50,,,
7328944,HR418308,10/6/2008 0:00,029XX N SPRINGFIELD AVE,266,CRIM SEXUAL ASSAULT,PREDATORY,APARTMENT,FALSE,FALSE,2523,25,30,21,2,,,2008,10/31/2019 15:50,,,
